nikolai-ustryalov	[{"endYear": null, "primary": true, "evidence": [{"claim": "우스트랄로프는 모스크바 대학에서 가르쳤다.", "source": "https://en.wikipedia.org/wiki/Nikolai_Ustryalov", "excerpt": "Teaching at Moscow University, he was initially a member of the Constitutional Democratic Party.", "locator": "plain-text extract characters 440:536; sha256 f6bf73a65f9d1468d6e50ae69d49b3efb2e8261856bb9e3a91a482fcbbf66fa6"}, {"claim": "그는 1920~1924년 하얼빈 법학부 학장이었다.", "source": "https://en.wikipedia.org/wiki/Nikolai_Ustryalov", "excerpt": "He was Dean of the Faculty of Law at Harbin from 1920 until 1924.", "locator": "plain-text extract characters 2786:2851; sha256 f6bf73a65f9d1468d6e50ae69d49b3efb2e8261856bb9e3a91a482fcbbf66fa6"}], "relation": "unresolved", "startYear": 1913, "functionId": "law", "affiliationId": null, "affiliationStatus": "unresolved"}, {"endYear": null, "primary": false, "evidence": [{"claim": "니콜라이 우스트랴로프는 처음에 입헌민주당 당원이었다.", "source": "https://en.wikipedia.org/wiki/Nikolai_Ustryalov", "excerpt": "Teaching at Moscow University, he was initially a member of the Constitutional Democratic Party.", "locator": "characters 440:536; sha256 f6bf73a65f9d1468d6e50ae69d49b3efb2e8261856bb9e3a91a482fcbbf66fa6"}], "relation": "membership", "startYear": null, "functionId": "law", "affiliationId": "russian-kadets", "affiliationStatus": "confirmed"}]
friedrich-zander	[{"endYear": null, "primary": true, "evidence": [{"claim": "위키백과 첫 문장이 밝힌 이 인물의 대표 활동.", "source": "https://en.wikipedia.org/wiki/Friedrich_Zander", "excerpt": "Georg Arthur Constantin Friedrich Zander (also Tsander; Russian: Фри́дрих Арту́рович Ца́ндер, romanized: Fridrikh Arturovich Tsander; Latvian: Frīdrihs Canders; 23 August [O.S. 11 August] 1887 – 28 March 1933) was a Russian and Soviet pioneer of rocketry and spaceflight, of Baltic German descent.", "locator": "plain-text extract lead sentence; sha256 170051cd71bfc13b2d543edaa3a02c13aa2d28860974fdb44264fa64e1b0efcb"}], "relation": "unresolved", "startYear": null, "functionId": "science", "affiliationId": null, "affiliationStatus": "unresolved"}]
igor-grazin	[{"endYear": null, "primary": true, "evidence": [{"claim": "그라진은 타르투 국립대학 법학 교수로 경력을 시작했다.", "source": "https://en.wikipedia.org/wiki/Igor_Gr%C3%A4zin", "excerpt": "Grazin began his career as a professor of law at Tartu State University.", "locator": "plain-text extract characters 474:546; sha256 b7d7b74d9ce34cb18ac234cb3578f2b21ae9ff81f04f39b893893e0755b9fa25"}], "relation": "unresolved", "startYear": null, "functionId": "law", "affiliationId": null, "affiliationStatus": "unresolved"}, {"endYear": 1990, "primary": false, "evidence": [{"claim": "이고르 그레진은 1975~1990년 소련 공산당 당원이었다.", "source": "https://ru.wikipedia.org/wiki/Грязин,_Игорь_Николаевич", "excerpt": "В 1975—1990 годах член КПСС.", "locator": "plain-text extract characters 1201:1229; accessed 2026-10-01; sha256 f920a744dae3226ad509a71b8c4b011366d705b0ab1ed041f063e905a158050d"}], "relation": "membership", "startYear": 1975, "functionId": "organizing", "affiliationId": "soviet-party", "affiliationStatus": "confirmed"}]
yevgeny-korovin	[{"endYear": null, "primary": true, "evidence": [{"claim": "코로빈은 국제법을 전공한 소련 법학자였다.", "source": "https://en.wikipedia.org/wiki/Yevgeny_Korovin", "excerpt": "30 September] 1892 – 23 November 1964) was a Soviet jurist specializing in international law.", "locator": "plain-text extract characters 92:185; sha256 d199e2a20111e329d36c8cd6ef3c86cc845544310342b50957acddc48e800876"}, {"claim": "그는 모스크바 대학, 유엔, 헤이그 상설중재재판소에서 학술·법률 직책을 맡았다.", "source": "https://en.wikipedia.org/wiki/Yevgeny_Korovin", "excerpt": "\" Korovin held several academic and legal positions at Moscow State University, the United Nations, and the Permanent Court of Arbitration in the Hague.", "locator": "plain-text extract characters 342:494; sha256 d199e2a20111e329d36c8cd6ef3c86cc845544310342b50957acddc48e800876"}], "relation": "unresolved", "startYear": null, "functionId": "law", "affiliationId": null, "affiliationStatus": "unresolved"}]
olga-shatunovskaya	[{"endYear": null, "primary": true, "evidence": [{"claim": "위키백과 첫 문장이 밝힌 이 인물의 대표 활동.", "source": "https://en.wikipedia.org/wiki/Olga_Shatunovskaya", "excerpt": "Olga Grigoryevna Shatunovskaya (Russian: Ольга Григорьевна Шатуновская; 1 March 1901, Baku – 23 November 1990, Moscow) was a prominent Old Bolshevik.", "locator": "plain-text extract lead sentence; sha256 b18b0ed7462f9022f926556949b4f90e7bd85cdbf09e9f14ca9d6d80097d876e"}], "relation": "unresolved", "startYear": null, "functionId": "political-leadership", "affiliationId": null, "affiliationStatus": "unresolved"}, {"endYear": null, "primary": false, "evidence": [{"claim": "올가 샤투놉스카야는 1916년부터 러시아사회민주노동당(볼셰비키) 당원이었다.", "source": "https://ru.wikipedia.org/wiki/Шатуновская,_Ольга_Григорьевна", "excerpt": "Член РСДРП(б) с 1916 года.", "locator": "plain-text extract characters 414:440; accessed 2026-10-01; sha256 45ba90ad964c4d187f79e71b6f7f5f9a7356d562322288b3de969ba7d83cb8d8"}], "relation": "membership", "startYear": 1916, "functionId": "political-leadership", "affiliationId": "soviet-party", "affiliationStatus": "confirmed"}]
pavel-cherenkov	[{"endYear": null, "primary": true, "evidence": [{"claim": "위키백과 첫 문장이 밝힌 이 인물의 대표 활동.", "source": "https://en.wikipedia.org/wiki/Pavel_Cherenkov", "excerpt": "Pavel Alekseyevich Cherenkov (Russian: Па́вел Алексе́евич Черенко́в [ˈpavʲɪl ɐlʲɪkˈsʲe(j)ɪvʲɪtɕ tɕɪrʲɪnˈkof];  28 July 1904 – 6 January 1990) was a Soviet physicist who shared the 1958 Nobel Prize in Physics with Ilya Frank and Igor Tamm \"for the discovery and interpretation of the Cherenkov effect\".", "locator": "plain-text extract lead sentence; sha256 5ca601cc9d9bf0014b41afc191a9d4c81d123111f5eccf0f9b4f8b3562b3753a"}], "relation": "unresolved", "startYear": null, "functionId": "science", "affiliationId": null, "affiliationStatus": "unresolved"}, {"endYear": null, "primary": false, "evidence": [{"claim": "파벨 체렌코프는 1946년부터 전연방공산당(볼셰비키) 당원이었다.", "source": "https://ru.wikipedia.org/wiki/Черенков,_Павел_Алексеевич", "excerpt": "Член ВКП(б) с 1946 года.", "locator": "plain-text extract characters 351:375; accessed 2026-10-01; sha256 e5579ab127d5fb67f43e8b58ad57a613237fb7a3e67de8ec81ffcca2d022e3ad"}], "relation": "membership", "startYear": 1946, "functionId": "organizing", "affiliationId": "soviet-party", "affiliationStatus": "confirmed"}]
konkordia-samoilova	[{"endYear": null, "primary": true, "evidence": [{"claim": "위키백과 첫 문장이 밝힌 이 인물의 대표 활동.", "source": "https://ru.wikipedia.org/wiki/%D0%A1%D0%B0%D0%BC%D0%BE%D0%B9%D0%BB%D0%BE%D0%B2%D0%B0%2C_%D0%9A%D0%BE%D0%BD%D0%BA%D0%BE%D1%80%D0%B4%D0%B8%D1%8F_%D0%9D%D0%B8%D0%BA%D0%BE%D0%BB%D0%B0%D0%B5%D0%B2%D0%BD%D0%B0", "excerpt": "Конко́рдия Никола́евна Само́йлова (урождённая Громова; 1876, Иркутск — 2 июня 1921, Астрахань) — российский политик, революционерка, участница коммунистического движения, деятель женского пролетарского движения в России и РСФСР. Основательница журнала «Работница» и одна из организаторов Международного женского дня.", "locator": "plain-text extract lead sentence; sha256 19c9a35877c6c04668c2fac57e14f80971cc3882803c6311d9622aaaef2bf94e"}], "relation": "unresolved", "startYear": null, "functionId": "organizing", "affiliationId": null, "affiliationStatus": "unresolved"}, {"endYear": null, "primary": false, "evidence": [{"claim": "콘코르디야 사모일로바는 1919년 러시아공산당(볼셰비키) 사마라 도·시 위원회 위원이었다.", "source": "https://ru.wikipedia.org/wiki/Самойлова,_Конкордия_Николаевна", "excerpt": "В 1919 году была членом Самарского губернского и городского комитетов РКП(б)", "locator": "plain-text extract characters 3139:3215; accessed 2026-10-01; sha256 19c9a35877c6c04668c2fac57e14f80971cc3882803c6311d9622aaaef2bf94e"}, {"claim": "당 중앙위원회의 여성 사업 순회 지도원이었다.", "source": "https://ru.wikipedia.org/wiki/Самойлова,_Конкордия_Николаевна", "excerpt": "Была разъездным инструктором ЦК РКП(б) по работе среди женщин", "locator": "plain-text extract characters 3024:3085; accessed 2026-10-01; sha256 19c9a35877c6c04668c2fac57e14f80971cc3882803c6311d9622aaaef2bf94e"}], "relation": "membership", "startYear": 1919, "functionId": "political-leadership", "affiliationId": "soviet-party", "affiliationStatus": "confirmed"}]
filipp-mikheyev	[{"endYear": null, "primary": true, "evidence": [{"claim": "위키백과 첫 문장이 밝힌 이 인물의 대표 활동.", "source": "https://ru.wikipedia.org/wiki/%D0%9C%D0%B8%D1%85%D0%B5%D0%B5%D0%B2%2C_%D0%A4%D0%B8%D0%BB%D0%B8%D0%BF%D0%BF_%D0%95%D0%B3%D0%BE%D1%80%D0%BE%D0%B2%D0%B8%D1%87", "excerpt": "Филипп Егорович Михеев (1902 — 1975) — советский партийный деятель.", "locator": "plain-text extract lead sentence; sha256 ee6e85cc80a35e540ba28dbe07771525af9ebdc5cf19ee13a36df22594a9e8ff"}], "relation": "unresolved", "startYear": null, "functionId": "political-leadership", "affiliationId": null, "affiliationStatus": "unresolved"}, {"endYear": null, "primary": false, "evidence": [{"claim": "필리프 미헤예프는 1926년 3월부터 소련공산당·볼셰비키 당원이었다.", "source": "https://ru.wikipedia.org/wiki/%D0%9C%D0%B8%D1%85%D0%B5%D0%B5%D0%B2%2C_%D0%A4%D0%B8%D0%BB%D0%B8%D0%BF%D0%BF_%D0%95%D0%B3%D0%BE%D1%80%D0%BE%D0%B2%D0%B8%D1%87", "excerpt": "Член ВКП(б) с марта 1926 года.", "locator": "characters 225:255; sha256 ee6e85cc80a35e540ba28dbe07771525af9ebdc5cf19ee13a36df22594a9e8ff"}], "relation": "membership", "startYear": 1926, "functionId": "political-leadership", "affiliationId": "soviet-party", "affiliationStatus": "confirmed"}]
fyodor-uglov	[{"endYear": null, "primary": true, "evidence": [{"claim": "위키백과 첫 문장이 밝힌 이 인물의 대표 활동.", "source": "https://en.wikipedia.org/wiki/Fyodor_Uglov", "excerpt": "Fyodor Grigorievich Uglov (Russian: Фёдор Григорьевич Углов; 5 October [O.S. 22 September] 1904 – 22 June 2008) was a Soviet and Russian surgeon.", "locator": "plain-text extract lead sentence; sha256 c1323d83d509c8fe085414a66f292234dee1bfa2d7b2234633b5297ae52fa480"}], "relation": "unresolved", "startYear": null, "functionId": "science", "affiliationId": null, "affiliationStatus": "unresolved"}, {"endYear": 1991, "primary": false, "evidence": [{"claim": "표도르 우글로프는 1931년부터 소련공산당 당원이었다.", "source": "https://ru.wikipedia.org/wiki/%D0%A3%D0%B3%D0%BB%D0%BE%D0%B2,_%D0%A4%D1%91%D0%B4%D0%BE%D1%80_%D0%93%D1%80%D0%B8%D0%B3%D0%BE%D1%80%D1%8C%D0%B5%D0%B2%D0%B8%D1%87", "excerpt": "Член КПСС с 1931 года.", "locator": "characters 421:443; sha256 3ddfd9d98ea5e7cf50f580d740f455d59fb3d182080571c2e09247d1fa279801"}], "relation": "membership", "startYear": 1931, "functionId": "science", "affiliationId": "soviet-party", "affiliationStatus": "confirmed"}]
maxim-filonenko	[{"endYear": null, "primary": true, "evidence": [{"claim": "필로넨코는 1919년 이후 파리에서 변호사로 활동했다.", "source": "https://ru.wikipedia.org/wiki/%D0%A4%D0%B8%D0%BB%D0%BE%D0%BD%D0%B5%D0%BD%D0%BA%D0%BE%2C_%D0%9C%D0%B0%D0%BA%D1%81%D0%B8%D0%BC%D0%B8%D0%BB%D0%B8%D0%B0%D0%BD_%D0%9C%D0%B0%D0%BA%D1%81%D0%B8%D0%BC%D0%B8%D0%BB%D0%B8%D0%B0%D0%BD%D0%BE%D0%B2%D0%B8%D1%87", "excerpt": "С 1919 в эмиграции. Жил в Париже, занимался адвокатской практикой.", "locator": "characters 3446:3512; sha256 ac1246bb0a1e69b8784b244b75d37f13f762b2156b10e47e3930fdd99d3f43fd"}, {"claim": "그는 파리 법정에서 러시아 이민자들을 주로 변호하는 변호사로 활동했다.", "source": "https://ru.wikipedia.org/wiki/%D0%A4%D0%B8%D0%BB%D0%BE%D0%BD%D0%B5%D0%BD%D0%BA%D0%BE%2C_%D0%9C%D0%B0%D0%BA%D1%81%D0%B8%D0%BC%D0%B8%D0%BB%D0%B8%D0%B0%D0%BD_%D0%9C%D0%B0%D0%BA%D1%81%D0%B8%D0%BC%D0%B8%D0%BB%D0%B8%D0%B0%D0%BD%D0%BE%D0%B2%D0%B8%D1%87", "excerpt": "Выступал в Париже как защитник преимущественно русских эмигрантов на судебных процессах, в том числе в 1937—1938 гг. на процессе Н. В. Плевицкой", "locator": "characters 3795:3939; sha256 ac1246bb0a1e69b8784b244b75d37f13f762b2156b10e47e3930fdd99d3f43fd"}], "relation": "unresolved", "startYear": null, "functionId": "law", "affiliationId": null, "affiliationStatus": "unresolved"}, {"endYear": null, "primary": false, "evidence": [{"claim": "필로넨코는 사회혁명당 당원이었다.", "source": "https://ru.wikipedia.org/wiki/%D0%A4%D0%B8%D0%BB%D0%BE%D0%BD%D0%B5%D0%BD%D0%BA%D0%BE%2C_%D0%9C%D0%B0%D0%BA%D1%81%D0%B8%D0%BC%D0%B8%D0%BB%D0%B8%D0%B0%D0%BD_%D0%9C%D0%B0%D0%BA%D1%81%D0%B8%D0%BC%D0%B8%D0%BB%D0%B8%D0%B0%D0%BD%D0%BE%D0%B2%D0%B8%D1%87", "excerpt": "Член партии социалистов-революционеров.", "locator": "characters 1220:1259; sha256 ac1246bb0a1e69b8784b244b75d37f13f762b2156b10e47e3930fdd99d3f43fd"}, {"claim": "1918년 테러 조직자 명단에 사빈코프 등과 함께 사회혁명당 활동가로 올랐다.", "source": "https://ru.wikipedia.org/wiki/%D0%A4%D0%B8%D0%BB%D0%BE%D0%BD%D0%B5%D0%BD%D0%BA%D0%BE%2C_%D0%9C%D0%B0%D0%BA%D1%81%D0%B8%D0%BC%D0%B8%D0%BB%D0%B8%D0%B0%D0%BD_%D0%9C%D0%B0%D0%BA%D1%81%D0%B8%D0%BC%D0%B8%D0%BB%D0%B8%D0%B0%D0%BD%D0%BE%D0%B2%D0%B8%D1%87", "excerpt": "В нём как организаторы готовившихся терактов указывались Савинков, Филоненко, Колосов и другие эсеровские активисты.", "locator": "characters 2854:2970; sha256 ac1246bb0a1e69b8784b244b75d37f13f762b2156b10e47e3930fdd99d3f43fd"}], "relation": "membership", "startYear": null, "functionId": "organizing", "affiliationId": "russian-sr", "affiliationStatus": "confirmed"}]
nikolai-sokolov	[{"endYear": null, "primary": true, "evidence": [{"claim": "소콜로프는 변호사(присяжный поверенный)가 되었다.", "source": "https://ru.wikipedia.org/wiki/%D0%A1%D0%BE%D0%BA%D0%BE%D0%BB%D0%BE%D0%B2%2C_%D0%9D%D0%B8%D0%BA%D0%BE%D0%BB%D0%B0%D0%B9_%D0%94%D0%BC%D0%B8%D1%82%D1%80%D0%B8%D0%B5%D0%B2%D0%B8%D1%87_%28%D0%B0%D0%B4%D0%B2%D0%BE%D0%BA%D0%B0%D1%82%29", "excerpt": "Николай Дмитриевич Соколов стал присяжным поверенным.", "locator": "characters 323:376; sha256 bb9bed9cc1ff1a682ff8f5bf76ba66d23ad7d3e9551b94827c178a311875033f"}, {"claim": "그는 변호사로서 많은 정치 재판에 참여했다.", "source": "https://ru.wikipedia.org/wiki/%D0%A1%D0%BE%D0%BA%D0%BE%D0%BB%D0%BE%D0%B2%2C_%D0%9D%D0%B8%D0%BA%D0%BE%D0%BB%D0%B0%D0%B9_%D0%94%D0%BC%D0%B8%D1%82%D1%80%D0%B8%D0%B5%D0%B2%D0%B8%D1%87_%28%D0%B0%D0%B4%D0%B2%D0%BE%D0%BA%D0%B0%D1%82%29", "excerpt": "В качестве адвоката участвовал во многих политических процессах.", "locator": "characters 998:1062; sha256 bb9bed9cc1ff1a682ff8f5bf76ba66d23ad7d3e9551b94827c178a311875033f"}], "relation": "unresolved", "startYear": null, "functionId": "law", "affiliationId": null, "affiliationStatus": "unresolved"}]
alexander-luria	[{"endYear": null, "primary": true, "evidence": [{"claim": "위키백과 첫 문장이 밝힌 이 인물의 대표 활동.", "source": "https://en.wikipedia.org/wiki/Alexander_Luria", "excerpt": "Alexander Romanovich Luria (; Russian: Алекса́ндр Рома́нович Лу́рия, IPA: [ˈlurʲɪjə]; 16 July 1902 – 14 August 1977) was a Soviet neuropsychologist, often credited as the father of modern neuropsychology.", "locator": "plain-text extract lead sentence; sha256 18782ff58a2c9341c45f9e380f82ea076c0d25ab0578e77fbaf24fa62041be01"}], "relation": "unresolved", "startYear": null, "functionId": "science", "affiliationId": null, "affiliationStatus": "unresolved"}]
ivan-bardin	[{"endYear": null, "primary": true, "evidence": [{"claim": "위키백과 첫 문장이 밝힌 이 인물의 대표 활동.", "source": "https://en.wikipedia.org/wiki/Ivan_Bardin", "excerpt": "Ivan Pavlovich Bardin (Russian: Иван Павлович Бардин; 1883–1960) was a Soviet metallurgist and active participant in solving the main engineering issues of the domestic ferrous metallurgical industry.", "locator": "plain-text extract lead sentence; sha256 b5c699c8be203a92606f5cd24676648952a6019d8f7bfd8a9a7241b77f2a45e9"}], "relation": "unresolved", "startYear": null, "functionId": "science", "affiliationId": null, "affiliationStatus": "unresolved"}, {"endYear": null, "primary": false, "evidence": [{"claim": "이반 바르딘은 1937년부터 흑색 금속공업 인민위원부 부위원 등 요직을 맡았다.", "source": "https://en.wikipedia.org/wiki/Ivan_Bardin", "excerpt": "Since 1937 he held leading positions in ferrous metallurgy (engineer in chief of the central directorate, chairman of the Technical Council of the People's Commissariat, deputy People's Commissar (minister) for ferrous metallurgy.", "locator": "plain-text extract characters 1172:1402; accessed 2026-10-01; sha256 b5c699c8be203a92606f5cd24676648952a6019d8f7bfd8a9a7241b77f2a45e9"}], "relation": "service", "startYear": 1937, "functionId": "economy", "affiliationId": "state-soviet", "affiliationStatus": "confirmed"}]
nikolai-shmit	[{"endYear": 1905, "primary": true, "evidence": [{"claim": "니콜라이 시미트는 프레스냐의 가구공장을 소유·운영하며 9시간 노동제와 임금 인상, 부속 의료 및 교육 시설을 도입했다.", "source": "https://ru.wikipedia.org/wiki/%D0%A8%D0%BC%D0%B8%D1%82%2C_%D0%9D%D0%B8%D0%BA%D0%BE%D0%BB%D0%B0%D0%B9_%D0%9F%D0%B0%D0%B2%D0%BB%D0%BE%D0%B2%D0%B8%D1%87", "excerpt": "Вступив во владение мебельной фабрикой на Пресне, Николай Шмит с 1 мая 1905 года ввёл 9-часовой рабочий день вместо 11-часового, повысил заработную плату, открыл при фабрике амбулаторию и специальные общеобразовательные курсы.", "locator": "characters 4097:4323; sha256 7d79b99edd5814b3bc88cad3736a720b9a270185211984e205691b1b74e70882"}, {"claim": "그의 공장에서는 폭탄 제조와 전단 인쇄가 이루어졌다.", "source": "https://ru.wikipedia.org/wiki/%D0%A8%D0%BC%D0%B8%D1%82%2C_%D0%9D%D0%B8%D0%BA%D0%BE%D0%BB%D0%B0%D0%B9_%D0%9F%D0%B0%D0%B2%D0%BB%D0%BE%D0%B2%D0%B8%D1%87", "excerpt": "На фабрике изготавливали бомбы, печатали листовки.", "locator": "characters 5424:5474; sha256 7d79b99edd5814b3bc88cad3736a720b9a270185211984e205691b1b74e70882"}], "relation": "unresolved", "startYear": 1904, "functionId": "industry", "affiliationId": null, "affiliationStatus": "unresolved"}, {"endYear": 1907, "primary": false, "evidence": [{"claim": "니콜라이 시미트는 러시아 사회민주노동당 당원이었다.", "source": "https://ru.wikipedia.org/wiki/%D0%A8%D0%BC%D0%B8%D1%82%2C_%D0%9D%D0%B8%D0%BA%D0%BE%D0%BB%D0%B0%D0%B9_%D0%9F%D0%B0%D0%B2%D0%BB%D0%BE%D0%B2%D0%B8%D1%87", "excerpt": "Никола́й Па́влович Шмит (реже Шмидт; 10 (22) декабря 1883 — 13 (26) февраля 1907, Москва) — предприниматель, революционер, участник (видный участник) Первой русской революции 1905 года, член РСДРП.", "locator": "characters 0:197; sha256 c13b833b7e1d84ea974934fcec6810009f4e73f9f8473e9345989e43a8439ffd"}, {"claim": "니콜라이 시미트는 1905년 러시아 사회민주노동당 모스크바 위원회에 노동자 무장 자금 2만 루블을 넘겼다.", "source": "https://ru.wikipedia.org/wiki/%D0%A8%D0%BC%D0%B8%D1%82%2C_%D0%9D%D0%B8%D0%BA%D0%BE%D0%BB%D0%B0%D0%B9_%D0%9F%D0%B0%D0%B2%D0%BB%D0%BE%D0%B2%D0%B8%D1%87", "excerpt": "В 1905 году передал Московскому комитету РСДРП 20 тысяч рублей на вооружение рабочих.", "locator": "characters 4357:4442; sha256 c13b833b7e1d84ea974934fcec6810009f4e73f9f8473e9345989e43a8439ffd"}], "relation": "membership", "startYear": null, "functionId": "industry", "affiliationId": "russian-rsdlp", "affiliationStatus": "confirmed"}]
hugo-eberlein	[{"endYear": null, "primary": true, "evidence": [{"claim": "1916년 스파르타쿠스단의 지하 조직화와 1918년 독일 공산당 창당에 참여했다.", "source": "https://spartacus-educational.com/GEReberlein.htm", "excerpt": "Over the next few months members of this group were arrested and spent several short spells in prison. On the release of Luxemburg in February 1916, it was decided to establish an underground political organization called Spartakusbund (Spartacus League). The Spartacus League publicized its views in its illegal newspaper, Spartacus Letters. Like the Bolsheviks in Russia, they began to argue that socialists should turn this nationalist conflict into a revolutionary war.\n\nDick Howard has argued: \"Agitation continued throughout the war; yet the Spartacus League was never very strong. All agitation had to be carried out in strict secrecy, and the leaders were more often than not in jail.\" Members included Duncker, Rosa Luxemburg, Karl Liebknecht, Leo Jogiches, Paul Levi, Ernest Meyer, Franz Mehring, Clara Zetkin, Wilhelm Pieck, Julian Marchlewski and Hermann Duncker.\n\nOn 1st May, 1916, the Spartacus League decided to come out into the open and organized a demonstration against the First World War in the Potsdamer Platz in Berlin. One of those who attended reported: \"It was a great success. At eight o'clock in the morning a dense throng of workers - almost ten thousand - assembled in the square, which the police had already occupied well ahead of time. Karl Liebknecht, in uniform, and Rosa Luxemburg were in the midst of the demonstrators and greeted with cheers from all sides.\" Several of its leaders, including Karl Liebknecht and Rosa Luxemburg were arrested and imprisoned.\n\nKarl", "locator": "characters 1178–3107"}], "relation": "unresolved", "startYear": null, "functionId": "organizing", "affiliationId": null, "affiliationStatus": "unresolved"}, {"endYear": 1929, "primary": false, "evidence": [{"claim": "후고 에버라인은 독일 공산당(KPD)의 창립 당원으로서 당 지도부에 선출되어 1929년까지 속했다.", "source": "https://en.wikipedia.org/wiki/Hugo_Eberlein", "excerpt": "At the end of the year he was a founding member of the KPD and was elected to its leadership, to which he belonged until 1929.", "locator": "plain-text extract characters 1509:1635; accessed 2026-10-01; sha256 6b44890a51b97d29cc6192903fa4e5cd3b33be42170af5380b8b3527657e9587"}], "relation": "membership", "startYear": null, "functionId": "political-leadership", "affiliationId": "party-german-communist", "affiliationStatus": "confirmed"}, {"endYear": 1917, "primary": false, "evidence": [{"claim": "후고 에벌라인은 1906년 독일 사회민주당에 입당해 좌파에 속했다.", "source": "https://en.wikipedia.org/wiki/Hugo_Eberlein", "excerpt": "A trained technical draftsman, he joined the SPD in 1906, where he belonged to the left wing.", "locator": "characters 1131:1224; sha256 6b44890a51b97d29cc6192903fa4e5cd3b33be42170af5380b8b3527657e9587"}, {"claim": "후고 에벌라인은 독일 독립사회민주당 창당에 참여했다.", "source": "https://en.wikipedia.org/wiki/Hugo_Eberlein", "excerpt": "he co-founded the USPD and the Spartacus League", "locator": "characters 1351:1398; sha256 6b44890a51b97d29cc6192903fa4e5cd3b33be42170af5380b8b3527657e9587"}], "relation": "membership", "startYear": 1906, "functionId": "organizing", "affiliationId": "party-german-spd", "affiliationStatus": "confirmed"}, {"endYear": null, "primary": false, "evidence": [{"claim": "후고 에벌라인은 독일 독립사회민주당의 공동 창당자였다.", "source": "https://en.wikipedia.org/wiki/Hugo_Eberlein", "excerpt": "As an opponent of Burgfriedenspolitik, the party's policy of support for and cessation of strikes during the First World War, he co-founded the USPD and the Spartacus League.", "locator": "characters 1225:1399; sha256 6b44890a51b97d29cc6192903fa4e5cd3b33be42170af5380b8b3527657e9587"}], "relation": "membership", "startYear": 1917, "functionId": "organizing", "affiliationId": "party-german-uspd", "affiliationStatus": "confirmed"}]
vladimir-usov	[{"endYear": null, "primary": true, "evidence": [{"claim": "모스크바 합작기업 이콤의 경제 업무 담당자였다. 학위·국적을 농업 정책 관료나 소련 국가기관 복무로 간주하지 않는다.", "source": "https://warheroes.ru/hero/hero.asp?Hero_id=1201", "excerpt": "Усов Владимир Александрович - экономист совместного предприятия \"Иком\" (Москва).", "locator": "characters 333:413; sha256 3bf522ce574c2d442d0e6426944f73ec689d6df728096951d0c668ed4a03e008"}], "relation": "unresolved", "startYear": null, "functionId": "economy", "affiliationId": null, "affiliationStatus": "unresolved"}]
wei-jingsheng	[{"endYear": null, "primary": true, "evidence": [{"claim": "웨이징성은 중국 민주화 운동에 참여한 인권 운동가·반체제 인사이다.", "source": "https://en.wikipedia.org/wiki/Wei_Jingsheng", "excerpt": "Wei Jingsheng (Chinese: 魏京生; born 20 May 1950) is a Chinese human rights activist and dissident. He is best known for his involvement in the Chinese democracy movement.", "locator": "characters 0:168; sha256 0f1f4dccc0f9fa84ec837c283054a7fd59577819174bd4a82dd470a07287cf91"}, {"claim": "그는 1978년 베이징 민주장벽에 게시된 「제5의 현대화」를 집필하며 민주화 운동을 전개했다.", "source": "https://en.wikipedia.org/wiki/Wei_Jingsheng", "excerpt": "He is most prominent for having authored the essay \"The Fifth Modernization\", which was posted on the Democracy Wall in Beijing in 1978.", "locator": "characters 170:306; sha256 0f1f4dccc0f9fa84ec837c283054a7fd59577819174bd4a82dd470a07287cf91"}], "relation": "unresolved", "startYear": null, "functionId": "organizing", "affiliationId": null, "affiliationStatus": "unresolved"}]
dmitry-komar	[{"endYear": null, "primary": true, "evidence": [{"claim": "1991년 8월 쿠데타 당시 백악관 방어 활동이며, 이 발췌만으로 국가기관 복무를 입증할 수 없다.", "source": "https://en.wikipedia.org/wiki/Hero_of_the_Soviet_Union", "excerpt": "Dmitry Komar, Vladimir Usov, and Ilya Krichevsky – Posthumously awarded for being killed while attempting to block IFVs from reaching the White House during the August Coup", "locator": "characters 10731:10903; sha256 3ca01e3fb6251f3c2e6114faf75d552269d3ff916227be8f2fc4dfc519dc2a67"}], "relation": "unresolved", "startYear": null, "functionId": "military", "affiliationId": null, "affiliationStatus": "unresolved"}]
pierre-gaspard-chaumette	[{"endYear": 1794, "primary": true, "evidence": [{"claim": "급진 에베르파 지도자로 탈기독교화를 이끌고 공포정치 수립에 주도적으로 기여했다.", "source": "https://en.wikipedia.org/wiki/Pierre_Gaspard_Chaumette", "excerpt": "He was a leader of the radical Hébertistes of the revolution, an ardent critic of Christianity who was one of the leaders of the dechristianization of France.", "locator": "characters 276:434; accessed 2026-09-27; sha256 b58786c21d53e54e8e07df27af73c650c20c956315dfce6d3d2ddfd1eef7e2af"}, {"claim": "급진 에베르파 지도자로 탈기독교화를 이끌고 공포정치 수립에 주도적으로 기여했다.", "source": "https://en.wikipedia.org/wiki/Pierre_Gaspard_Chaumette", "excerpt": "Chaumette made a leading contribution to establishing the Reign of Terror.", "locator": "characters 3202:3276; accessed 2026-09-27; sha256 b58786c21d53e54e8e07df27af73c650c20c956315dfce6d3d2ddfd1eef7e2af"}], "relation": "unresolved", "startYear": 1792, "functionId": "political-leadership", "affiliationId": null, "affiliationStatus": "unresolved"}, {"endYear": null, "primary": false, "evidence": [{"claim": "쇼메트는 파리 코뮌 의장을 지낸 혁명기 프랑스 정치인으로, 파리 코뮌 행정을 이끌었다.", "source": "https://en.wikipedia.org/wiki/Pierre_Gaspard_Chaumette", "excerpt": "was a French politician of the Revolutionary period who served as the president of the Paris Commune and played a leading role in the establishment of the Reign of Terror", "locator": "characters 104:274; sha256 dd0b67ba1aab02a45643f1a5fa92d5e62c132ac223c653b5ba12fc063235b40a"}, {"claim": "그는 혁명의 급진 에베르파 지도자로서 프랑스 혁명 진영에 속해 활동했다.", "source": "https://en.wikipedia.org/wiki/Pierre_Gaspard_Chaumette", "excerpt": "He was a leader of the radical Hébertistes of the revolution", "locator": "characters 276:336; sha256 dd0b67ba1aab02a45643f1a5fa92d5e62c132ac223c653b5ba12fc063235b40a"}], "relation": "service", "startYear": null, "functionId": "government", "affiliationId": "french-revolutionary-commune", "affiliationStatus": "confirmed"}, {"endYear": 1794, "primary": false, "evidence": [{"claim": "피에르 가스파르 쇼메트는 자코뱅파(자코뱅 클럽) 회원으로 정치 활동을 시작했다.", "source": "https://en.wikipedia.org/wiki/Pierre_Gaspard_Chaumette", "excerpt": "Chaumette began his political career as member of the Jacobin Club", "locator": "characters 1213:1279; sha256 b58786c21d53e54e8e07df27af73c650c20c956315dfce6d3d2ddfd1eef7e2af"}], "relation": "membership", "startYear": null, "functionId": "political-leadership", "affiliationId": "jacobin-club", "affiliationStatus": "confirmed"}]
stanislaw-grabski	[{"endYear": null, "primary": true, "evidence": [{"claim": "그는 국민연맹의 지도자 중 한 명이었고 국민민주당의 당원이었다.", "source": "https://en.wikipedia.org/wiki/Stanis%C5%82aw_Grabski", "excerpt": "A member of the  National League since 1905, a year later he became one of its leaders. From 1907 he was a member of Dmowski's party, the National-Democratic Party.", "locator": "characters 867:1031; sha256 838a84731c5c0aecd368f0619b86ad9a23552d9f091b3265e89632025222559b"}, {"claim": "그는 리가 평화 협상에서 가장 영향력 있는 폴란드 협상가로서 결과에 결정적 책임을 졌다.", "source": "https://en.wikipedia.org/wiki/Stanis%C5%82aw_Grabski", "excerpt": "During the negotiations of the Peace of Riga (1921), he was the most influential Polish negotiator and was largely responsible for their outcome.", "locator": "characters 1682:1827; sha256 838a84731c5c0aecd368f0619b86ad9a23552d9f091b3265e89632025222559b"}], "relation": "unresolved", "startYear": null, "functionId": "political-leadership", "affiliationId": null, "affiliationStatus": "unresolved"}, {"endYear": 1901, "primary": false, "evidence": [{"claim": "스타니스와프 그랍스키는 1892년 폴란드 사회당 창당에 참여했고 1901년 떠났다.", "source": "https://en.wikipedia.org/wiki/Stanis%C5%82aw_Grabski", "excerpt": "In 1892 he cofounded the Polish Socialist Party (PPS), but in 1901 he detached himself from that political movement", "locator": "characters 657:772; sha256 838a84731c5c0aecd368f0619b86ad9a23552d9f091b3265e89632025222559b"}], "relation": "membership", "startYear": 1892, "functionId": "organizing", "affiliationId": "party-polish-socialist", "affiliationStatus": "confirmed"}]
eugene-varlin	[{"endYear": null, "primary": true, "evidence": [{"claim": "He helped found the bookbinders’ mutual-aid society in 1857 and was a principal organiser of the 1864 strike.", "source": "https://en.wikipedia.org/wiki/Eug%C3%A8ne_Varlin", "excerpt": "Louis-Eugène Varlin was born at Claye-Souilly (Seine-et-Marne), into a poor peasant family. Apprenticed as a painter, he moved to Paris and became a bookbinder by profession. As a young man he read the writings of the anarchist social critic Pierre-Joseph Proudhon, which greatly influenced him. In 1857, Varlin participated in founding a bookbinders' mutual aid society, which became the nucleus of a bookbinders' trade union. Varlin was one of the principal organisers of the very first strike of the Parisian bookbinders in 1864. The strike was a success, so in 1865, the bookbinders repeated the exercise; this time the results were less encouraging. Varlin also founded the bookbinders' mutual savings and credit association, organised along Proudhonist lines. As a firm believer in the equality of the sexes, he promoted the anarchist and feminist Nathalie Lemel (1827–1921) to a leading position in the bank.", "locator": "characters 268–1183"}], "relation": "unresolved", "startYear": null, "functionId": "organizing", "affiliationId": null, "affiliationStatus": "unresolved"}]
vyacheslav-karpinsky	[{"endYear": null, "primary": true, "evidence": [{"claim": "위키백과 첫 문장이 밝힌 이 인물의 대표 활동.", "source": "https://ru.wikipedia.org/wiki/%D0%9A%D0%B0%D1%80%D0%BF%D0%B8%D0%BD%D1%81%D0%BA%D0%B8%D0%B9%2C_%D0%92%D1%8F%D1%87%D0%B5%D1%81%D0%BB%D0%B0%D0%B2_%D0%90%D0%BB%D0%B5%D0%BA%D1%81%D0%B5%D0%B5%D0%B2%D0%B8%D1%87", "excerpt": "Вячеслав Алексеевич Карпинский (16 января 1880, Пенза — 20 марта 1965, Москва) — видный участник марксистского революционного движения в Российской империи.", "locator": "plain-text extract lead sentence; sha256 ab7068edcb8b2a1f5b148870de276e9d7d998071f9fd2bdf9be3f93cf4592147"}], "relation": "unresolved", "startYear": null, "functionId": "organizing", "affiliationId": null, "affiliationStatus": "unresolved"}, {"endYear": null, "primary": false, "evidence": [{"claim": "뱌체슬라프 카르핀스키는 1898년부터 러시아사회민주노동당 당원이었다.", "source": "https://ru.wikipedia.org/wiki/Карпинский,_Вячеслав_Алексеевич", "excerpt": "Член РСДРП с 1898 г.", "locator": "plain-text extract characters 1076:1096; accessed 2026-10-01; sha256 ab7068edcb8b2a1f5b148870de276e9d7d998071f9fd2bdf9be3f93cf4592147"}, {"claim": "1936~1937년 전연방공산당(볼셰비키) 중앙위원회 기구에서 일했다.", "source": "https://ru.wikipedia.org/wiki/Карпинский,_Вячеслав_Алексеевич", "excerpt": "В 1936—1937 годах работал в аппарате ЦК ВКП(б).", "locator": "plain-text extract characters 2140:2187; accessed 2026-10-01; sha256 ab7068edcb8b2a1f5b148870de276e9d7d998071f9fd2bdf9be3f93cf4592147"}], "relation": "membership", "startYear": null, "functionId": "political-leadership", "affiliationId": "soviet-party", "affiliationStatus": "confirmed"}, {"endYear": null, "primary": false, "evidence": [{"claim": "뱌체슬라프 카르핀스키는 1898년부터 러시아 사회민주노동당 당원이었다.", "source": "https://ru.wikipedia.org/wiki/%D0%9A%D0%B0%D1%80%D0%BF%D0%B8%D0%BD%D1%81%D0%BA%D0%B8%D0%B9,_%D0%92%D1%8F%D1%87%D0%B5%D1%81%D0%BB%D0%B0%D0%B2_%D0%90%D0%BB%D0%B5%D0%BA%D1%81%D0%B5%D0%B5%D0%B2%D0%B8%D1%87", "excerpt": "Член РСДРП с 1898 г.", "locator": "characters 1076:1096; sha256 ab7068edcb8b2a1f5b148870de276e9d7d998071f9fd2bdf9be3f93cf4592147"}], "relation": "membership", "startYear": 1898, "functionId": "organizing", "affiliationId": "russian-rsdlp", "affiliationStatus": "confirmed"}]
victor-adler	[{"endYear": null, "primary": true, "evidence": [{"claim": "1880년대 오스트리아 사회민주주의 통합에 기여", "source": "https://encyclopedia.1914-1918-online.net/article/adler-victor", "excerpt": "Dr. Victor Adler (1852-1918) entered the First World War in a state of ill health and deep apprehension. Hailing from a prosperous Prague Jewish merchant family, he had, as student of medicine in Vienna, joined the German nationalist movement under Georg von Schönerer’s (1842-1921) leadership before leaving due to the movement’s rising anti-Semitism. After a brief career as a physician helping Vienna’s poor, he devoted himself completely to the Austrian workers’ movement. In the 1880s, he unified the estranged factions of Austrian Social Democracy and did most to define its course in the years 1890-1918, struggling throughout against rising ethnic-national tensions among workers. An unorthodox Austro-Marxist like Otto Bauer (1881-1938) and Karl Renner (1870-1950), Adler believed that nationalism and theories of nationalism could somehow be reconciled with socialism.", "locator": "characters 906–1784"}], "relation": "unresolved", "startYear": null, "functionId": "political-leadership", "affiliationId": null, "affiliationStatus": "unresolved"}]
vladimir-bekhterev	[{"endYear": null, "primary": true, "evidence": [{"claim": "위키백과 첫 문장이 밝힌 이 인물의 대표 활동.", "source": "https://en.wikipedia.org/wiki/Vladimir_Bekhterev", "excerpt": "Vladimir Mikhailovich Bekhterev (Russian: Влади́мир Миха́йлович Бе́хтерев, IPA: [ˈbʲextʲɪrʲɪf]; 20 January 1857 – 24 December 1927) was a Russian neurologist and the father of objective psychology.", "locator": "plain-text extract lead sentence; sha256 823a4a94f7997185f458112077b1ad66cf89bdd00ae471e9677489292fdebd1d"}], "relation": "unresolved", "startYear": null, "functionId": "science", "affiliationId": null, "affiliationStatus": "unresolved"}]
camille-huysmans	[{"endYear": null, "primary": true, "evidence": [{"claim": "1917년 인터내셔널 사무국이 스톡홀름 평화회의 추진, 교전국 사회주의자 중재 역할 시도 및 회의가 무산됨", "source": "https://www.socialhistoryportal.org/stockholm1917/background", "excerpt": "International social democracy fell apart when the World War began in 1914. In all countries, whether or not they were among the belligerents, three currents may be discerned. On the right side, were the majority socialists, who, depending on their nationality, were for or against a separate peace with Russia. On the left side, were the internationalists, revolutionaries, and pacifists, united in the International Socialist Committee (ISC). This group is usually called the Zimmerwaldians, for their constitutive meeting in Zimmerwald, Switzerland 1915. In the middle was the Bureau of the Socialist International (BSI) led by the Belgian Camille Huysmans, who prudently tried to mediate between socialists from belligerent countries.\n\nThe BSI decided to locate in neutral Stockholm on 15 April 1917. The Zimmerwaldians did the same. A \"Dutch-Scandinavian Committee\" began to advocate for a peace conference. The Petrograd Soviet formed a third party, with Bolsheviks, Mensheviks, and Socialist-Revolutionaries still united briefly after the 1917 February Revolution.\n\nIn May it had become clear that the British, French, Belgians, and Russians would oppose a conference. A seemingly endless series of bilateral negotiations, preliminary meetings, tripartite discussions, and cross-initiatives then took off. The Zimmerwaldians had a conference in Stockholm to decide whether they would join the Stockholm conference, and the Russians presented their own peace initiative. Eventually, after four ", "locator": "characters 32–1807"}], "relation": "unresolved", "startYear": null, "functionId": "diplomacy", "affiliationId": null, "affiliationStatus": "unresolved"}]
mammad-amin-rasulzade	[{"endYear": null, "primary": true, "evidence": [{"claim": "Chief of the Musavat party, no catalog affiliation", "source": "https://en.wikipedia.org/wiki/Mahammad_Amin_Rasulzade", "excerpt": "joined the then secret Musavat (Equality) party in 1913", "locator": "The Musavat Party and Azerbaijan Democratic Republic"}], "relation": "unresolved", "startYear": 1913, "functionId": "political-leadership", "affiliationId": null, "affiliationStatus": "unresolved"}, {"endYear": 1918, "primary": false, "evidence": [{"claim": "Head of the Azerbaijani National Council, May 1918", "source": "https://en.wikipedia.org/wiki/Mahammad_Amin_Rasulzade", "excerpt": "the Azerbaijani National Council, whose head Rasulzade was unanimously elected in May 1918", "locator": "The Musavat Party and Azerbaijan Democratic Republic"}], "relation": "service", "startYear": 1918, "functionId": "legislature", "affiliationId": "state-azerbaijan", "affiliationStatus": "confirmed"}]
jaroslaw-dabrowski	[{"endYear": null, "primary": true, "evidence": [{"claim": "Commune general and command assignments, fatal wounding/death", "source": "https://polishhistory.pl/jaroslaw-dabrowski-and-walery-wroblewski-from-a-polish-uprising-to-a-french-revolt/", "excerpt": "The political upheaval in Paris, which took place on 18 March 1871, found Dąbrowski in the south of France, where he wanted to join the army formed by his idol Garibaldi. He had already criticised the French government and sympathised with the opposition left. He knew many of the future revolutionaries personally. He wrote memoranda in which he argued that Paris, with its human and financial resources, could become an impregnable fortress. Meanwhile, the Commune was paralysed by bickering politicians giving conflicting orders to soldiers.\n\nThe moment when the government was virtually defenceless was missed. The failure of the offensive on Versailles in early April shook up the authorities of the revolutionary capital leading to a major personnel reshuffle and the Poles benefited from this. Dąbrowski was given command of the most vulnerable north-western section of the front. With counterattacks, he tried to push the government forces as far away from Paris as possible. But he had too few men, cannons and ammunition to win. He could only delay the advance of the enemy. After further regroupings, Wróblewski commanded the western front, and Dąbrowski became commander-in-chief. He was dismissed after four days, then reinstated when the outcome of the civil war was already determined.\n\nWróblewski, who spoke poor French, was for some time quartered at the Elysée Palace, in the suite where Tsar Alexander II had stayed during a recent visit to Paris. He did not tolerate drunkenness, ", "locator": "characters 6034–8251"}], "relation": "unresolved", "startYear": null, "functionId": "military", "affiliationId": null, "affiliationStatus": "unresolved"}]
andranik-ozanian	[{"endYear": 1919, "primary": true, "evidence": [{"claim": "Commander of the Special Striking Division in Zangezur, acting independently of the Armenian government (no catalog affiliation)", "source": "https://en.wikipedia.org/wiki/Andranik", "excerpt": "Andranik and his Special Striking Division transitioned to the rugged, mountainous terrain of Zangezur", "locator": "Zangezur"}], "relation": "unresolved", "startYear": 1918, "functionId": "military", "affiliationId": null, "affiliationStatus": "unresolved"}, {"endYear": 1916, "primary": false, "evidence": [{"claim": "Commander of the first Armenian volunteer battalion within the Imperial Russian Army", "source": "https://en.wikipedia.org/wiki/Andranik", "excerpt": "From November 1914 to August 1915, he spearheaded this unit of approximately 1,200 volunteers within the Imperial Russian Army during the Caucasus Campaign.", "locator": "World War I"}], "relation": "service", "startYear": 1914, "functionId": "military", "affiliationId": "russian-empire", "affiliationStatus": "confirmed"}, {"endYear": 1907, "primary": false, "evidence": [{"claim": "안드라니크는 1892년 아르메니아 혁명연맹에 입당했다.", "source": "https://en.wikipedia.org/wiki/Andranik", "excerpt": "In 1892, he joined the newly created Armenian Revolutionary Federation (ARF or Dashnaktsutyun).", "locator": "characters 3787:3882; sha256 a02381a75355dbe558a2d84363e331546a0e5a64834c57d5e57c50c73b48ccf8"}, {"claim": "안드라니크는 1907년 제4차 당대회에서 탈당을 선언했다.", "source": "https://ru.wikipedia.org/wiki/%D0%9E%D0%B7%D0%B0%D0%BD%D1%8F%D0%BD,_%D0%90%D0%BD%D0%B4%D1%80%D0%B0%D0%BD%D0%B8%D0%BA_%D0%A2%D0%BE%D1%80%D0%BE%D1%81%D0%BE%D0%B2%D0%B8%D1%87", "excerpt": "В 1907 году на IV съезде партии «Дашнакцутюн» Андраник объявил о выходе из её рядов из-за несогласия с действиями руководства, направленными на налаживание сотрудничества с младотурками.", "locator": "characters 4575:4761; sha256 267a50d5c39d7cc76fb459833e3c6e7c958cc7dbe9f1e450f50ce6ad78cb34a8"}], "relation": "membership", "startYear": 1892, "functionId": "military", "affiliationId": "armenian-revolutionary-federation", "affiliationStatus": "confirmed"}, {"endYear": 1917, "primary": false, "evidence": [{"claim": "안드라니크는 다슈나크추튠 당원이었으나 1907~1914년 관계를 끊었다가 1917년 최종적으로 결별했다.", "source": "https://ru.wikipedia.org/wiki/%D0%9E%D0%B7%D0%B0%D0%BD%D1%8F%D0%BD,_%D0%90%D0%BD%D0%B4%D1%80%D0%B0%D0%BD%D0%B8%D0%BA_%D0%A2%D0%BE%D1%80%D0%BE%D1%81%D0%BE%D0%B2%D0%B8%D1%87", "excerpt": "с 1891 года около года был членом партии «Гнчак», а затем — партии «Дашнакцутюн», причём дважды прерывал свои отношения с нею (в 1907—1914 гг. и с 1917 года — окончательно).", "locator": "characters 1423:1596; sha256 267a50d5c39d7cc76fb459833e3c6e7c958cc7dbe9f1e450f50ce6ad78cb34a8"}], "relation": "membership", "startYear": 1914, "functionId": "military", "affiliationId": "armenian-revolutionary-federation", "affiliationStatus": "confirmed"}]
eero-haapalainen	[{"endYear": 1918, "primary": true, "evidence": [{"claim": "Commander-in-chief of the Finnish Red Guards (no catalog affiliation)", "source": "https://en.wikipedia.org/wiki/Eero_Haapalainen", "excerpt": "who served as the commander-in-chief of the Red Guards from January to March 1918 during the Finnish Civil War", "locator": "lead"}], "relation": "unresolved", "startYear": 1918, "functionId": "military", "affiliationId": null, "affiliationStatus": "unresolved"}, {"endYear": 1918, "primary": false, "evidence": [{"claim": "Member of the Social Democratic Party of Finland", "source": "https://en.wikipedia.org/wiki/Eero_Haapalainen", "excerpt": "joined the Sawmill Workers' Union and the Social Democratic Party of Finland", "locator": "Early years"}], "relation": "membership", "startYear": null, "functionId": "organizing", "affiliationId": "party-finnish-social-democratic", "affiliationStatus": "confirmed"}, {"endYear": 1911, "primary": false, "evidence": [{"claim": "First chairman of the Finnish Trade Union Federation (no catalog affiliation)", "source": "https://en.wikipedia.org/wiki/Eero_Haapalainen", "excerpt": "In April 1907, Haapalainen was elected as the first chairman of the Finnish Trade Union Federation (SAJ)", "locator": "Early years"}], "relation": "unresolved", "startYear": 1907, "functionId": "organizing", "affiliationId": null, "affiliationStatus": "unresolved"}, {"endYear": 1925, "primary": false, "evidence": [{"claim": "Co-founder of the exiled Communist Party of Finland", "source": "https://en.wikipedia.org/wiki/Eero_Haapalainen", "excerpt": "was also one of the founders of the exile Communist Party of Finland in August 1918", "locator": "Life in the Soviet Union"}], "relation": "membership", "startYear": 1918, "functionId": "political-leadership", "affiliationId": "party-finnish-communist", "affiliationStatus": "confirmed"}, {"endYear": 1923, "primary": false, "evidence": [{"claim": "Several posts in the Karelian Workers’ Commune", "source": "https://en.wikipedia.org/wiki/Eero_Haapalainen", "excerpt": "He held several posts in the Karelian Workers' Commune", "locator": "Life in the Soviet Union"}], "relation": "service", "startYear": 1920, "functionId": "government", "affiliationId": "state-soviet", "affiliationStatus": "confirmed"}, {"endYear": 1935, "primary": false, "evidence": [{"claim": "Head of the revolution research department of the Karelian Research Institute", "source": "https://en.wikipedia.org/wiki/Eero_Haapalainen", "excerpt": "his last assignment was the head of the revolution research department in the Karelian Research Institute in Petrozavodsk", "locator": "Life in the Soviet Union"}], "relation": "service", "startYear": 1931, "functionId": "scholarship", "affiliationId": "state-soviet", "affiliationStatus": "confirmed"}, {"endYear": null, "primary": false, "evidence": [{"claim": "에로 하팔라이넨은 1901년부터 러시아 사회민주노동당 당원이었다.", "source": "https://ru.wikipedia.org/wiki/%D0%A5%D0%B0%D0%B0%D0%BF%D0%B0%D0%BB%D0%B0%D0%B9%D0%BD%D0%B5%D0%BD,_%D0%AD%D1%8D%D1%80%D0%BE", "excerpt": "Участник революционного движения с 1900 года, член РСДРП с 1901 года, журналист и редактор рабочих газет.", "locator": "characters 407:512; sha256 eb5883e370fde4a05f0fb610652730112e1235fc0681b0112018c4dc3b39b66c"}], "relation": "membership", "startYear": 1901, "functionId": "military", "affiliationId": "russian-rsdlp", "affiliationStatus": "confirmed"}, {"endYear": null, "primary": false, "evidence": [{"claim": "에로 하팔라이넨은 1918년 망명 뒤 러시아 공산당(볼셰비키) 당원이 되었다.", "source": "https://en.wikipedia.org/wiki/Eero_Haapalainen", "excerpt": "Haapalainen became a member of the Russian Communist Party (Bolsheviks) and was also one of the founders of the exile Communist Party of Finland in August 1918.", "locator": "characters 4867:5027; sha256 5b111322a10b052e68d220bcf0a82465d2a6f8c52af40d2f15620df4a66083db"}], "relation": "membership", "startYear": 1918, "functionId": "military", "affiliationId": "soviet-party", "affiliationStatus": "confirmed"}]
robert-grimm	[{"endYear": null, "primary": true, "evidence": [{"claim": "Grimm chaired the International Socialist Commission after the Zimmerwald Conference and lost his leading role after the Grimm-Hoffmann Affair.", "source": "https://encyclopedia.1914-1918-online.net/article/grimm-robert", "excerpt": "Grimm drafted the resolution of the first larger international socialist meeting after the outbreak of the war – the Italian-Swiss socialist conference at Lugano (27 September 1914). In his Berner Tagwacht, he published articles from the leaders of the socialist anti-war opposition. Bern and its surroundings hosted key meetings of this movement, beginning with the International Socialist Women and Youth conferences in spring 1915. In close collaboration with Angelica Balabanoff (1878-1965), Grimm was the main organiser of the Zimmerwald Conference, where he was elected as a chairman of the International Socialist Commission. This body attempted to coordinate socialist anti-war activities on the international level and organised a second conference in Kiental (April 1916). Grimm effectively resisted attempts of a group led by Karl Radek (1885-1939) and Vladimir Il’ich Lenin (1870-1924) (the so-called “Zimmerwald Left”) to use Zimmerwald to split the international labour movement. This explains the frequent malicious remarks on Grimm in Lenin’s writings from these years. After the Grimm-Hoffmann Affair, Grimm lost his leading role in the socialist anti-war opposition.", "locator": "characters 2794–3978"}], "relation": "unresolved", "startYear": null, "functionId": "organizing", "affiliationId": null, "affiliationStatus": "unresolved"}]
najmuddin-gotsinsky	[{"endYear": 1925, "primary": true, "evidence": [{"claim": "Leader of anti-Bolshevik uprisings in Dagestan and Chechnya (no catalog affiliation)", "source": "https://en.wikipedia.org/wiki/Najmuddin_of_Gotzo", "excerpt": "who led multiple uprisings against the Bolsheviks during and after the Russian Civil War", "locator": "lead"}], "relation": "unresolved", "startYear": 1918, "functionId": "military", "affiliationId": null, "affiliationStatus": "unresolved"}, {"endYear": 1919, "primary": false, "evidence": [{"claim": "Mufti of the North Caucasus and of the Mountainous Republic (no catalog affiliation)", "source": "https://en.wikipedia.org/wiki/Najmuddin_of_Gotzo", "excerpt": "Najmuddin first served as Mufti of the Mountainous Republic of the Northern Caucasus", "locator": "lead"}], "relation": "unresolved", "startYear": 1917, "functionId": "religion", "affiliationId": null, "affiliationStatus": "unresolved"}]
louise-michel	[{"endYear": null, "primary": true, "evidence": [{"claim": "She led Montmartre's Women's Vigilance Committee, served with the 61st Battalion and organized ambulance stations, surrendered to protect her mother, and was sentenced to penal transportation after demanding death at trial.", "source": "https://en.wikipedia.org/wiki/Louise_Michel", "excerpt": "During the siege, Michel became part of the National Guard. When the Paris Commune was declared she was elected head of the Montmartre Women's Vigilance Committee. In April 1871 she threw herself into the armed struggle against the French government. Her close ally, Théophile Ferré, was a senior member of the Commune and of its Committee of Public Safety. It was Ferré who ordered the execution of Georges Darboy, the Archbishop of Paris. She was aligned with Ferré and Raoul Rigault, two of the most militant  members of the Paris Commune. However, Ferré and Rigault persuaded her to not carry out her plan to assassinate Adolphe Thiers, the chief executive of the French national government. Michel fought with the 61st Battalion of Montmartre and organized ambulance stations during the beginning of the Bloody Week (May 21–28, 1871), the battle that ended the Commune In her memoirs she later wrote \"oh, I'm a savage all right, I like the smell of gunpowder, grapeshot flying through the air, but above all, I'm devoted to the Revolution.\" On May 23, after a fierce fight, Montmartre was captured by the French Army. On May 24, she surrendered to the French army in order to save her mother from possible imprisonment.\nMichel ideologically justified a militant revolution, proclaiming: \"I descended the Butte, my rifle under my coat, shouting: Treason! . . . Our deaths would free Paris\". She reflected: \"It is true, perhaps, that women like rebellions. We are no better than men with respect t", "locator": "characters 3899–6508"}], "relation": "unresolved", "startYear": null, "functionId": "organizing", "affiliationId": null, "affiliationStatus": "unresolved"}]
tony-cliff	[{"endYear": null, "primary": true, "evidence": [{"claim": "위키백과 첫 문장이 밝힌 이 인물의 대표 활동.", "source": "https://en.wikipedia.org/wiki/Tony_Cliff", "excerpt": "Tony Cliff (born Yigael Glückstein, Hebrew: יגאל גליקשטיין; 20 May 1917 – 9 April 2000) was a Trotskyist activist.", "locator": "plain-text extract lead sentence; sha256 7be8b3def9dc377e3db2c3f6b3c27d856cf0f617a768e83679bd0ee6ed32d277"}], "relation": "unresolved", "startYear": null, "functionId": "organizing", "affiliationId": null, "affiliationStatus": "unresolved"}]
richard-muller	[{"endYear": null, "primary": true, "evidence": [{"claim": "In 1916 began organizing political strikes against World War I with Revolutionary Stewards", "source": "https://www.workerscontrol.net/activists/richard-mueller", "excerpt": "Richard Müller was one of the leading figures of the German Revolution 1918. Starting as a local union organizer he began to organize political strikes against WWI in 1916 with a group called \"Revolutionary Stewards\". This group had started as opposition within the German Metalworkers Union (DMV) and later became very influential for the movement of worker´s councils in 1918/1919.", "locator": "characters 261–644"}], "relation": "unresolved", "startYear": null, "functionId": "organizing", "affiliationId": null, "affiliationStatus": "unresolved"}]
alexander-obolensky	[{"endYear": 1994, "primary": true, "evidence": [{"claim": "오볼렌스키는 1990년 러시아 사회민주당 창당 대회에서 공동의장으로 선출되었고 1994년 다시 의장으로 선출되었다.", "source": "https://ru.wikipedia.org/wiki/%D0%9E%D0%B1%D0%BE%D0%BB%D0%B5%D0%BD%D1%81%D0%BA%D0%B8%D0%B9,_%D0%90%D0%BB%D0%B5%D0%BA%D1%81%D0%B0%D0%BD%D0%B4%D1%80_%D0%9C%D0%B8%D1%82%D1%80%D0%BE%D1%84%D0%B0%D0%BD%D0%BE%D0%B2%D0%B8%D1%87", "excerpt": "В январе 1990 года вошёл в составе оргкомитета по созданию социал-демократической партии, а на учредительном съезде СДПРФ избран одним из трёх её сопредседателей.", "locator": "characters 4370:4532; accessed 2026-09-27; sha256 127edac53cbca8b648be08f6209b9014ea79e03ffe6a92192560b36c80097b5b"}, {"claim": "오볼렌스키는 1990년 러시아 사회민주당 창당 대회에서 공동의장으로 선출되었고 1994년 다시 의장으로 선출되었다.", "source": "https://ru.wikipedia.org/wiki/%D0%9E%D0%B1%D0%BE%D0%BB%D0%B5%D0%BD%D1%81%D0%BA%D0%B8%D0%B9,_%D0%90%D0%BB%D0%B5%D0%BA%D1%81%D0%B0%D0%BD%D0%B4%D1%80_%D0%9C%D0%B8%D1%82%D1%80%D0%BE%D1%84%D0%B0%D0%BD%D0%BE%D0%B2%D0%B8%D1%87", "excerpt": "В 1994 году вновь избран председателем СДПР.", "locator": "characters 4857:4901; accessed 2026-09-27; sha256 127edac53cbca8b648be08f6209b9014ea79e03ffe6a92192560b36c80097b5b"}], "relation": "unresolved", "startYear": 1990, "functionId": "political-leadership", "affiliationId": null, "affiliationStatus": "unresolved"}, {"endYear": null, "primary": false, "evidence": [{"claim": "1943년 오룔 출생의 알렉산드르 미트로파노비치 오볼렌스키는 러시아의 국가·정치 활동가이자 소련 인민대의원으로, 소련 국가기관에서 활동했다.", "source": "https://ru.wikipedia.org/wiki/%D0%9E%D0%B1%D0%BE%D0%BB%D0%B5%D0%BD%D1%81%D0%BA%D0%B8%D0%B9%2C_%D0%90%D0%BB%D0%B5%D0%BA%D1%81%D0%B0%D0%BD%D0%B4%D1%80_%D0%9C%D0%B8%D1%82%D1%80%D0%BE%D1%84%D0%B0%D0%BD%D0%BE%D0%B2%D0%B8%D1%87", "excerpt": "Алекса́ндр Митрофа́нович Оболе́нский (р. 19 февраля 1943 года, г. Орел, РСФСР, СССР) — российский государственный и политический деятель, инженер, народный депутат СССР.", "locator": "characters 0:169; sha256 c7c18e5d60e1f83f4f44a996a9b4501279e0ec03e1a7615626c8daf15d7d447c"}], "relation": "service", "startYear": null, "functionId": "government", "affiliationId": "state-soviet", "affiliationStatus": "confirmed"}]
michal-kalecki	[{"endYear": null, "primary": true, "evidence": [{"claim": "칼레츠키는 런던정경대, 케임브리지대, 옥스퍼드대, 바르샤바 경제대학에서 근무한 학술인이다.", "source": "https://en.wikipedia.org/wiki/Micha%C5%82_Kalecki", "excerpt": "Over the course of his life, Kalecki worked at the London School of Economics, University of Cambridge, University of Oxford, and Warsaw School of Economics", "locator": "characters 108:264; sha256 faa196806680d2af607bb4e675f6aaa711de57eb36363b7e1b7befbe2cce6f69"}, {"claim": "그는 수학적 모형과 통계 자료를 경제 문제에 적용한 거시경제학자로서 학술 연구가 정의적 활동이었다.", "source": "https://en.wikipedia.org/wiki/Micha%C5%82_Kalecki", "excerpt": "He was one of the first macroeconomists to apply mathematical models and statistical data to economic questions.", "locator": "characters 984:1096; sha256 faa196806680d2af607bb4e675f6aaa711de57eb36363b7e1b7befbe2cce6f69"}], "relation": "unresolved", "startYear": null, "functionId": "scholarship", "affiliationId": null, "affiliationStatus": "unresolved"}]
mirza-kuchik-khan	[{"endYear": 1921, "primary": true, "evidence": [{"claim": "Founder and leader of the Jungle movement, no catalog affiliation", "source": "https://en.wikipedia.org/wiki/Mirza_Kuchik_Khan", "excerpt": "He was the founder of a revolutionary movement based in the forests of Gilan in northern Iran that became known as the Nehzat-e Jangal (The Jungle Movement).", "locator": "lead"}], "relation": "unresolved", "startYear": 1914, "functionId": "political-leadership", "affiliationId": null, "affiliationStatus": "unresolved"}, {"endYear": 1921, "primary": false, "evidence": [{"claim": "Head of the provisional government of the Gilan republic, no catalog affiliation", "source": "https://ru.wikipedia.org/wiki/%D0%9C%D0%B8%D1%80%D0%B7%D0%B0_%D0%9A%D1%83%D1%87%D0%B5%D0%BA-%D1%85%D0%B0%D0%BD", "excerpt": "С июня по июль 1920 года и с мая по сентябрь 1921 года стоял во главе временного правительства этого государственного образования", "locator": "Биография"}], "relation": "unresolved", "startYear": 1920, "functionId": "government", "affiliationId": null, "affiliationStatus": "unresolved"}]
alikhan-bukeikhanov	[{"endYear": 1920, "primary": true, "evidence": [{"claim": "Leader of the Alash party and the Alash Orda government, no catalog affiliation", "source": "https://en.wikipedia.org/wiki/Alikhan_Bukeikhanov", "excerpt": "who led the Alash party and the provisional government of Alash Orda from 1917 to 1920", "locator": "lead"}], "relation": "unresolved", "startYear": 1917, "functionId": "political-leadership", "affiliationId": null, "affiliationStatus": "unresolved"}, {"endYear": 1917, "primary": false, "evidence": [{"claim": "Member of the Constitutional Democratic Party 1905–1917", "source": "https://ru.wikipedia.org/wiki/%D0%91%D1%83%D0%BA%D0%B5%D0%B9%D1%85%D0%B0%D0%BD%D0%BE%D0%B2,_%D0%90%D0%BB%D0%B8%D1%85%D0%B0%D0%BD_%D0%9D%D1%83%D1%80%D0%BC%D1%83%D1%85%D0%B0%D0%BC%D0%B5%D0%B4%D0%BE%D0%B2%D0%B8%D1%87", "excerpt": "С 1905 по 1917 год Букейханов являлся членом и сторонником Конституционно-демократической партии (партии кадетов).", "locator": "Член партии кадетов"}], "relation": "membership", "startYear": 1905, "functionId": "political-leadership", "affiliationId": "russian-kadets", "affiliationStatus": "confirmed"}]
ibrahim-bek	[{"endYear": 1931, "primary": true, "evidence": [{"claim": "Basmachi commander, no catalog affiliation", "source": "https://en.wikipedia.org/wiki/Ibrahim_Bek", "excerpt": "was an Uzbek leader in the Basmachi movement, a liberation movement in Central Asia, which fought against the Red Army", "locator": "lead"}], "relation": "unresolved", "startYear": 1920, "functionId": "military", "affiliationId": null, "affiliationStatus": "unresolved"}]
said-alim-khan	[{"endYear": 1920, "primary": true, "evidence": [{"claim": "Emir of Bukhara, no catalog affiliation", "source": "https://en.wikipedia.org/wiki/Sayyid_Mir_Muhammad_Alim_Khan", "excerpt": "reigned from 3 January 1911 to 30 August 1920", "locator": "lead"}], "relation": "unresolved", "startYear": 1911, "functionId": "monarchy", "affiliationId": null, "affiliationStatus": "unresolved"}]
junaid-khan	[{"endYear": 1931, "primary": true, "evidence": [{"claim": "Commander of the Khivan forces and Basmachi leader, no catalog affiliation", "source": "https://en.wikipedia.org/wiki/Junaid_Khan_(Basmachi_leader)", "excerpt": "In January 1918, Asfandiyar Khan appointed Muhammet-Kurban as the commander of the armed forces of the Khanate", "locator": "Rise to power in Khiva"}], "relation": "unresolved", "startYear": 1918, "functionId": "military", "affiliationId": null, "affiliationStatus": "unresolved"}, {"endYear": 1920, "primary": false, "evidence": [{"claim": "De facto ruler of Khiva, no catalog affiliation", "source": "https://ru.wikipedia.org/wiki/%D0%94%D0%B6%D1%83%D0%BD%D0%B0%D0%B8%D0%B4-%D1%85%D0%B0%D0%BD", "excerpt": "фактический (последний) правитель Государства Хорезм", "locator": "преамбула"}], "relation": "unresolved", "startYear": 1918, "functionId": "government", "affiliationId": null, "affiliationStatus": "unresolved"}]
rudolf-walden	[{"endYear": 1946, "primary": true, "evidence": [{"claim": "발덴은 1906년부터 1946년까지 제지 산업에서 일하며 핀란드 제지 산업을 통합했고, Yhtyneet Paperitehtaat Oy를 설립했으며 핀란드 제지 판매 협회인 Finpap의 초대 회장을 맡았다.", "source": "https://en.wikipedia.org/wiki/Rudolf_Walden", "excerpt": "From 1906 to 1946, Walden worked in the paper industry. He worked to consolidate the Finnish paper industry. He founded Yhtyneet Paperitehtaat Oy (United Paper Mills Ltd) and was the first president of \"Finpap\", a Finnish paper sales association.", "locator": "characters 1450:1696; sha256 7ba64b2ffb7623c919a21dd3506d73d70a68c43d659945ae5dde585bbccfc2e3"}], "relation": "unresolved", "startYear": 1906, "functionId": "industry", "affiliationId": null, "affiliationStatus": "unresolved"}]
andrey-vlasov	[{"endYear": null, "primary": true, "evidence": [{"claim": "블라소프는 소련 적군 장성으로서 제2차 세계대전 중 모스크바 전투 등에서 지휘했다.", "source": "https://en.wikipedia.org/wiki/Andrey_Vlasov", "excerpt": "Andrey Andreyevich Vlasov (Russian: Андре́й Андре́евич Вла́сов, 14 September [O.S. 1 September] 1901 – August 1, 1946) was a Soviet Russian Red Army general. During the Axis-Soviet campaigns of World War II, he fought against the Wehrmacht in the Battle of Moscow and later was captured attempting to lift the siege of Leningrad in 1942.", "locator": "characters 0:337; sha256 09bf0721baf17a5f6a5738efa2ff540c7ed7c0d2f6b9b4cb3d6ebcaae3e3fe76"}, {"claim": "그는 중장으로서 제37군과 제20군을 지휘하며 키예프와 모스크바 방어전에서 핵심적 군사 지휘를 수행했다.", "source": "https://en.wikipedia.org/wiki/Andrey_Vlasov", "excerpt": "As a lieutenant general, he commanded the 37th Army near Kiev and escaped encirclement. He then played an important role in the defense of Moscow, as his 20th Army counterattacked and retook Solnechnogorsk.", "locator": "characters 3860:4066; sha256 09bf0721baf17a5f6a5738efa2ff540c7ed7c0d2f6b9b4cb3d6ebcaae3e3fe76"}], "relation": "service", "startYear": null, "functionId": "military", "affiliationId": "state-soviet", "affiliationStatus": "confirmed"}, {"endYear": 1945, "primary": false, "evidence": [{"claim": "블라소프는 러시아 해방군을 명목상 이끌었고 러시아 협력 반소련 운동의 정치적 지도자가 되었다.", "source": "https://en.wikipedia.org/wiki/Andrey_Vlasov", "excerpt": "He nominally headed the Russian Liberation Army (Russkaya osvoboditel'naya armiya, ROA), also becoming the political leader of the Russian collaborationist anti-Soviet movement.", "locator": "characters 405:582; sha256 09bf0721baf17a5f6a5738efa2ff540c7ed7c0d2f6b9b4cb3d6ebcaae3e3fe76"}, {"claim": "그는 1944년 11월 러시아 민족해방위원회(KONR)라는 정치 조직의 수장이 되었다.", "source": "https://en.wikipedia.org/wiki/Andrey_Vlasov", "excerpt": "only in November 1944 did Heinrich Himmler, aware of Germany's shortage of manpower, arrange for Vlasov's formations, composed of Soviet prisoners of war as armed forces of Committee for the Liberation of the Peoples of Russia, a political organisation headed by Vlasov.", "locator": "characters 822:1092; sha256 09bf0721baf17a5f6a5738efa2ff540c7ed7c0d2f6b9b4cb3d6ebcaae3e3fe76"}, {"claim": "러시아 인민해방위원회(KONR)는 블라소프 운동의 정치기구였고 1944년 11월 프라하 선언을 발표했다.", "source": "https://en.wikipedia.org/wiki/Andrey_Vlasov", "excerpt": "The Committee for the Liberation of the Peoples of Russia (KONR) became the political body of this movement, and its positions were described in the Prague Manifesto of the Committee in November 1944.", "locator": "en: Vlasov Movement"}], "relation": "service", "startYear": 1944, "functionId": "political-leadership", "affiliationId": "russian-konr", "affiliationStatus": "confirmed"}, {"endYear": 1942, "primary": false, "evidence": [{"claim": "안드레이 블라소프는 1930년 공산당에 입당했다.", "source": "https://en.wikipedia.org/wiki/Andrey_Vlasov", "excerpt": "Vlasov joined the Communist Party in 1930.", "locator": "characters 2724:2766; sha256 bd6ac772a080f56d465ff2f766ea18429ebb7bbfdeda253f28b4b9147cbf135a"}], "relation": "membership", "startYear": 1930, "functionId": "military", "affiliationId": "soviet-party", "affiliationStatus": "confirmed"}]
pyotr-tokmakov	[{"endYear": 1921, "primary": true, "evidence": [{"claim": "Commander of the 2nd Insurgent Army and of the United Partisan Army of Tambov, no catalog affiliation", "source": "https://ru.wikipedia.org/wiki/%D0%A2%D0%BE%D0%BA%D0%BC%D0%B0%D0%BA%D0%BE%D0%B2,_%D0%9F%D1%91%D1%82%D1%80_%D0%9C%D0%B8%D1%85%D0%B0%D0%B9%D0%BB%D0%BE%D0%B2%D0%B8%D1%87", "excerpt": "В июне 1920 года П. М. Токмаков становится командующим 2-й повстанческой армией восставших, а затем в ноябре принимает командование Объединённой партизанской армией Тамбовской губернии", "locator": "Биография"}], "relation": "unresolved", "startYear": 1918, "functionId": "military", "affiliationId": null, "affiliationStatus": "unresolved"}, {"endYear": 1921, "primary": false, "evidence": [{"claim": "Chairman of the Union of Working Peasantry, no catalog affiliation", "source": "https://ru.wikipedia.org/wiki/%D0%A2%D0%BE%D0%BA%D0%BC%D0%B0%D0%BA%D0%BE%D0%B2,_%D0%9F%D1%91%D1%82%D1%80_%D0%9C%D0%B8%D1%85%D0%B0%D0%B9%D0%BB%D0%BE%D0%B2%D0%B8%D1%87", "excerpt": "Токмаков был также председателем Союза трудового крестьянства (СТК)", "locator": "Биография"}], "relation": "unresolved", "startYear": 1920, "functionId": "political-leadership", "affiliationId": null, "affiliationStatus": "unresolved"}, {"endYear": 1917, "primary": false, "evidence": [{"claim": "Served in the Russian imperial army from 1904, lieutenant by 1917", "source": "https://ru.wikipedia.org/wiki/%D0%A2%D0%BE%D0%BA%D0%BC%D0%B0%D0%BA%D0%BE%D0%B2,_%D0%9F%D1%91%D1%82%D1%80_%D0%9C%D0%B8%D1%85%D0%B0%D0%B9%D0%BB%D0%BE%D0%B2%D0%B8%D1%87", "excerpt": "В 1904 году, во время Русско-японской войны, был призван на службу в армию.", "locator": "Биография"}], "relation": "service", "startYear": 1904, "functionId": "military", "affiliationId": "russian-empire", "affiliationStatus": "confirmed"}, {"endYear": 1921, "primary": false, "evidence": [{"claim": "Described as an SR among the leaders of the Tambov force", "source": "https://en.wikipedia.org/wiki/Tambov_Rebellion", "excerpt": "The other leaders of this force were Alexander Antonov's younger brother, Dmitri Antonov, and the SR Peter Tokmakov.", "locator": "Background"}], "relation": "membership", "startYear": null, "functionId": "political-leadership", "affiliationId": "russian-sr", "affiliationStatus": "confirmed"}]
eino-rahja	[{"endYear": 1918, "primary": true, "evidence": [{"claim": "Member of the three-man command of the Finnish Red Guards; commander of the Lempäälä front (no catalog affiliation)", "source": "https://fi.wikipedia.org/wiki/Eino_Rahja", "excerpt": "tilalle nimitettiin Rahjan, Evert Elorannan ja Adolf Taimin muodostama kolmikko", "locator": "Venäjän vallankumous ja Suomen sisällissota"}], "relation": "unresolved", "startYear": 1918, "functionId": "military", "affiliationId": null, "affiliationStatus": "unresolved"}, {"endYear": 1917, "primary": false, "evidence": [{"claim": "Bolshevik member of the RSDLP from 1903; organised Lenin’s escape in 1917", "source": "https://en.wikipedia.org/wiki/Eino_Rahja", "excerpt": "He joined the Russian Social Democratic Labour Party in 1903, becoming aligned with the party's Bolshevik faction.", "locator": "Life"}], "relation": "membership", "startYear": 1903, "functionId": "organizing", "affiliationId": "soviet-party", "affiliationStatus": "confirmed"}, {"endYear": 1935, "primary": false, "evidence": [{"claim": "Red Army commander, rising to komkor", "source": "https://en.wikipedia.org/wiki/Eino_Rahja", "excerpt": "became, for example, a commander of the army corps (komkor) in the Red Army", "locator": "Life"}], "relation": "service", "startYear": 1918, "functionId": "military", "affiliationId": "state-soviet", "affiliationStatus": "confirmed"}, {"endYear": 1927, "primary": false, "evidence": [{"claim": "Leading member of the Communist Party of Finland until dropped from its Central Committee in 1927", "source": "https://en.wikipedia.org/wiki/Eino_Rahja", "excerpt": "Eino Rahja was expelled from the Central Committee of the Communist Party of Finland in 1927.", "locator": "Life"}], "relation": "membership", "startYear": 1918, "functionId": "political-leadership", "affiliationId": "party-finnish-communist", "affiliationStatus": "confirmed"}, {"endYear": null, "primary": false, "evidence": [{"claim": "에이노 라흐야는 1903년 러시아 사회민주노동당에 입당했다.", "source": "https://en.wikipedia.org/wiki/Eino_Rahja", "excerpt": "He joined the Russian Social Democratic Labour Party in 1903, becoming aligned with the party's Bolshevik faction.", "locator": "characters 330:444; sha256 989eb62c4844bf35b5cffd79003230b8776e0b9923969f580a4876c8a69c829b"}], "relation": "membership", "startYear": 1903, "functionId": "military", "affiliationId": "russian-rsdlp", "affiliationStatus": "confirmed"}]
evgeny-pashukanis	[{"endYear": null, "primary": true, "evidence": [{"claim": "대표 경력을 원문과 대조하여 scholarship 기능으로 분류함.", "source": "https://en.wikipedia.org/wiki/Evgeny_Pashukanis", "excerpt": "In August 1918, he became a judge in Moscow . Meanwhile, he launched his career as a legal scholar. He also held a post in the Ministry of Foreign Affairs and was an adviser to the Soviet embassy in Berlin , helping to draft the Rapallo Treaty of 1922. In 1924 he was transferred to full-time academic duties as a member of the Communist Academy .", "locator": "Article text, line 154 in reviewed snapshot; accessed 2026-09-27; sha256 42fe17fdbdd1f2f0f2d02482ddf63990b5ba079bc2dd078a00904580bf08f452"}], "relation": "unresolved", "startYear": 1924, "functionId": "law", "affiliationId": null, "affiliationStatus": "unresolved"}, {"endYear": 1937, "primary": false, "evidence": [{"claim": "파슈카니스는 1918년 8월 모스크바에서 판사가 되었다.", "source": "https://en.wikipedia.org/wiki/Evgeny_Pashukanis", "excerpt": "In August 1918, he became a judge in Moscow.", "locator": "plain-text extract characters 1394:1438; sha256 228f254c3e2ddd77e710d8d876909e69f5cecf3cca24d461c76b884e31fa0959"}, {"claim": "그는 1936년 소련 법무인민위원 대리에 임명되었다.", "source": "https://en.wikipedia.org/wiki/Evgeny_Pashukanis", "excerpt": "In 1936, he was appointed as Deputy People's Commissar of Justice of the USSR and was proposed for membership in the Soviet Academy of Sciences.", "locator": "plain-text extract characters 5269:5413; sha256 228f254c3e2ddd77e710d8d876909e69f5cecf3cca24d461c76b884e31fa0959"}], "relation": "service", "startYear": 1918, "functionId": "law", "affiliationId": "state-soviet", "affiliationStatus": "confirmed"}, {"endYear": null, "primary": false, "evidence": [{"claim": "예브게니 파슈카니스는 1918년 창당 이후 러시아공산당(볼셰비키)에 입당했다.", "source": "https://en.wikipedia.org/wiki/Evgeny_Pashukanis", "excerpt": "Pashukanis joined the Russian Communist Party (b), after its founding in 1918.", "locator": "plain-text extract characters 1315:1393; accessed 2026-10-01; sha256 228f254c3e2ddd77e710d8d876909e69f5cecf3cca24d461c76b884e31fa0959"}], "relation": "membership", "startYear": 1918, "functionId": "organizing", "affiliationId": "soviet-party", "affiliationStatus": "confirmed"}, {"endYear": null, "primary": false, "evidence": [{"claim": "예브게니 파슈카니스는 17세에 상트페테르부르크에서 러시아 사회민주노동당에 입당했다.", "source": "https://en.wikipedia.org/wiki/Evgeny_Pashukanis", "excerpt": "Influenced by his family, particularly his uncle, he joined the Russian Social Democratic Workers' Party (RSLDP) in Saint Petersburg at the age of 17.", "locator": "characters 732:882; sha256 228f254c3e2ddd77e710d8d876909e69f5cecf3cca24d461c76b884e31fa0959"}], "relation": "membership", "startYear": null, "functionId": "law", "affiliationId": "russian-rsdlp", "affiliationStatus": "confirmed"}]
filipp-makharadze	[{"endYear": null, "primary": true, "evidence": [{"claim": "위키백과 첫 문장이 밝힌 이 인물의 대표 활동.", "source": "https://en.wikipedia.org/wiki/Filipp_Makharadze", "excerpt": "Filipp Yeseyevich Makharadze (Georgian: ფილიპე მახარაძე, Russian: Фили́пп Иесе́евич Махара́дзе; 9 March 1868 – 10 December 1941) was a Georgian Bolshevik revolutionary and government official.", "locator": "plain-text extract lead sentence; sha256 df549446c2494c8f0a104b102239ed58493ef3633c423872ce4c045d70af3e3a"}], "relation": "unresolved", "startYear": null, "functionId": "political-leadership", "affiliationId": null, "affiliationStatus": "unresolved"}, {"endYear": null, "primary": false, "evidence": [{"claim": "필리프 마하라제는 1903년부터 러시아사회민주노동당 당원이었다.", "source": "https://ru.wikipedia.org/wiki/Махарадзе,_Филипп_Иесеевич", "excerpt": "Член РСДРП с 1903 года.", "locator": "plain-text extract characters 326:349; accessed 2026-10-01; sha256 24f7473bc1dc2d96d1ec19a32fc160c80e3d341c4a2eb426b89cf46cbaff5f99"}, {"claim": "1927~1930년 전연방공산당(볼셰비키) 중앙통제위원회 위원이었다.", "source": "https://ru.wikipedia.org/wiki/Махарадзе,_Филипп_Иесеевич", "excerpt": "Член Центральной контрольной комиссии ВКП(б) (1927—1930).", "locator": "plain-text extract characters 1553:1610; accessed 2026-10-01; sha256 24f7473bc1dc2d96d1ec19a32fc160c80e3d341c4a2eb426b89cf46cbaff5f99"}], "relation": "membership", "startYear": 1903, "functionId": "political-leadership", "affiliationId": "soviet-party", "affiliationStatus": "confirmed"}, {"endYear": null, "primary": false, "evidence": [{"claim": "필리프 마하라제는 1903년 러시아 사회민주노동당 캅카스 연합위원회에 들어갔다.", "source": "https://en.wikipedia.org/wiki/Filipp_Makharadze", "excerpt": "In 1903, he joined the Caucasian Joint Committee of the Russian Social Democratic Labour Party and played an active role in the 1905 Revolution in the Caucasus", "locator": "characters 493:652; sha256 df549446c2494c8f0a104b102239ed58493ef3633c423872ce4c045d70af3e3a"}], "relation": "membership", "startYear": 1903, "functionId": "political-leadership", "affiliationId": "russian-rsdlp", "affiliationStatus": "confirmed"}]
ali-aaltonen	[{"endYear": 1918, "primary": true, "evidence": [{"claim": "First commander-in-chief of the Finnish Red Guards (no catalog affiliation)", "source": "https://en.wikipedia.org/wiki/Ali_Aaltonen", "excerpt": "who served as the first commander-in-chief of the Finnish Red Guards from November 1917 to the end of January 1918", "locator": "lead"}], "relation": "unresolved", "startYear": 1917, "functionId": "military", "affiliationId": null, "affiliationStatus": "unresolved"}, {"endYear": 1905, "primary": false, "evidence": [{"claim": "Lieutenant in the Imperial Russian Army in the Russo-Japanese War", "source": "https://en.wikipedia.org/wiki/Ali_Aaltonen", "excerpt": "In 1904–1905 he served as a lieutenant in the Russo-Japanese War", "locator": "Early years"}], "relation": "service", "startYear": 1903, "functionId": "military", "affiliationId": "russian-empire", "affiliationStatus": "confirmed"}, {"endYear": 1917, "primary": false, "evidence": [{"claim": "Party official and labour journalist for the Social Democrats", "source": "https://en.wikipedia.org/wiki/Ali_Aaltonen", "excerpt": "He also worked as a party official for the Social Democrats.", "locator": "Early years"}], "relation": "service", "startYear": null, "functionId": "organizing", "affiliationId": "party-finnish-social-democratic", "affiliationStatus": "confirmed"}]
boguslaw-zborowski	[{"endYear": null, "primary": true, "evidence": [{"claim": "즈보로프스키는 1905년 페테르부르크 노동자대표 소비에트의 조직자 중 한 명이자 초대 의장이었다.", "source": "https://my-dict.ru/dic/biografiya-1000-ludey/1436716-zborovskiy/", "excerpt": "Зборовский (Никитин, Кузьма, Костич) - один из организаторов Петербургского Совета Рабочих Депутатов в 1905 г. И первый его председатель.", "locator": "characters 58:195; sha256 4b2a6ed206537c67f3d5903f9bac109867e4affa354b08b5c620dac6f24c2127"}, {"claim": "페테르부르크 소비에트는 그를 전러시아 소비에트 대회 준비를 위해 지방 도시들로 파견했다.", "source": "https://my-dict.ru/dic/biografiya-1000-ludey/1436716-zborovskiy/", "excerpt": "Петербургский Совет посылал его в провинциальные города для работы по подготовке к Всероссийскому Съезду Советов.", "locator": "characters 377:490; sha256 4b2a6ed206537c67f3d5903f9bac109867e4affa354b08b5c620dac6f24c2127"}], "relation": "unresolved", "startYear": null, "functionId": "organizing", "affiliationId": null, "affiliationStatus": "unresolved"}]
bela-somogyi	[{"endYear": 1920, "primary": true, "evidence": [{"claim": "Journalist and responsible editor of Népszava", "source": "https://hu.wikipedia.org/wiki/Somogyi_B%C3%A9la", "excerpt": "1919. szeptembertől a Népszava felelős szerkesztője lett", "locator": "Életpályája"}], "relation": "unresolved", "startYear": 1903, "functionId": "propaganda", "affiliationId": null, "affiliationStatus": "unresolved"}, {"endYear": 1919, "primary": false, "evidence": [{"claim": "State secretary for education in the Károlyi government", "source": "https://hu.wikipedia.org/wiki/Somogyi_B%C3%A9la", "excerpt": "Közoktatásügyi államtitkár volt a polgári-szociáldemokrata koalíciós Károlyi Mihály-kormányban.", "locator": "Életpályája"}], "relation": "service", "startYear": 1918, "functionId": "government", "affiliationId": "state-hungary", "affiliationStatus": "confirmed"}]
bela-bacso	[{"endYear": 1920, "primary": true, "evidence": [{"claim": "Journalist on Népszava", "source": "https://hu.wikipedia.org/wiki/Bacs%C3%B3_B%C3%A9la_(%C3%BAjs%C3%A1g%C3%ADr%C3%B3)", "excerpt": "1919-ben a Népszava munkatársa lett.", "locator": "Élete"}], "relation": "unresolved", "startYear": 1919, "functionId": "propaganda", "affiliationId": null, "affiliationStatus": "unresolved"}, {"endYear": 1920, "primary": false, "evidence": [{"claim": "Socialist writer; novel of 1918", "source": "https://hu.wikipedia.org/wiki/Bacs%C3%B3_B%C3%A9la_(%C3%BAjs%C3%A1g%C3%ADr%C3%B3)", "excerpt": "A Sefcsik ház (regény, Budapest, 1918)", "locator": "Művei"}], "relation": "unresolved", "startYear": 1918, "functionId": "arts", "affiliationId": null, "affiliationStatus": "unresolved"}]
stanislaw-matyja	[{"endYear": null, "primary": true, "evidence": [{"claim": "스타니스와프 마티야는 1956년 6월 포즈난 봉기의 비공식 지도자로 확인된다.", "source": "https://en.wikipedia.org/wiki/Monument_to_the_Victims_of_June_1956", "excerpt": "Among the speakers were Zdzisław Rozwalak, chairman of the Social Committee for the Construction of the Poznań June 1956 Monument; Stanisław Matyja, the informal leader of June 1956; and Lech Wałęsa, chairman of Solidarity.", "locator": "characters 6405:6628; sha256 e03dc18cc6a51bffd36a89d10ab42a4827c0a3db8cabad7d1f2dba67f83f9d17"}, {"claim": "그는 1956년 6월 사건을 기념하는 기념비 제막식에서 상징적 역할을 했다.", "source": "https://en.wikipedia.org/wiki/Monument_to_the_Victims_of_June_1956", "excerpt": "The monument was unveiled jointly by Stanisław Matyja and Anna Strzałkowska.", "locator": "characters 6629:6705; sha256 e03dc18cc6a51bffd36a89d10ab42a4827c0a3db8cabad7d1f2dba67f83f9d17"}], "relation": "unresolved", "startYear": null, "functionId": "organizing", "affiliationId": null, "affiliationStatus": "unresolved"}]
milada-horakova	[{"endYear": null, "primary": true, "evidence": [{"claim": "Returned in 1945, rejoined party and became MP.", "source": "https://english.radio.cz/milada-horakova-8070014", "excerpt": "After the occupation of the Czechoslovakia in 1939, Milada Horakova and her husband, Bohuslav Horak, joined a resistance movement and were both arrested by the Gestapo in 1940. Milada Horakova was sent to the transit camp at Terezin. In 1944, she was sentenced to life in prison. She was sent to the concentration camp at Ainach near Munich, where she was liberated by Allied forces in May 1945, and she promptly returned to Prague.\n\nNow, this may seem a swift rundown of the first forty-five years of a woman who did live to the age of forty-nine, but it is the last few years of her life that have had the greatest significance in recent Czech history.\n\nWhen she returned to Prague in 1945, Milada Horakova rejoined the National Socialist Party, and became a Member of Parliament, where she remained until the Communist take-over in February 1948, when she resigned her position. With her experience of the resistance movement against the Nazis, Milada Horakova soon joined an illegal group of former members of the National Socialist Party, which held meetings regularly. Until, that is, Milada Horakova was arrested by the Communist secret police on September 27th, 1949, along with many other members of the same group, and with the help of two prosecutors from Moscow, set about preparing a case against them.", "locator": "characters 1372–2687"}], "relation": "unresolved", "startYear": null, "functionId": "organizing", "affiliationId": null, "affiliationStatus": "unresolved"}]
omer-nishani	[{"endYear": 1944, "primary": true, "evidence": [{"claim": "니샤니는 1925년 망명지에서 반조구 혁명조직 KONARE를 공동 창립해 1932년까지 기관지를 운영했고, 1942년 민족해방운동에 가담했다.", "source": "https://en.wikipedia.org/wiki/Omer_Nishani", "excerpt": "After the downfall of the government in December that same year, Nishani fled abroad and co-founded the anti-Zogu and Comintern-backed KONARE (National Revolutionary Committee) in 1925, helping to run its newspaper Liria Kombëtare (National Freedom) together with the Albanian Communist Halim Xhelo from 1925 to 1932 in Geneva.", "locator": "characters 1310:1637; accessed 2026-09-27; sha256 649574f916d4a94c78251d541cb29575cbda48fc08877438d05b6834a8678c85"}, {"claim": "니샤니는 1925년 망명지에서 반조구 혁명조직 KONARE를 공동 창립해 1932년까지 기관지를 운영했고, 1942년 민족해방운동에 가담했다.", "source": "https://en.wikipedia.org/wiki/Omer_Nishani", "excerpt": "Nishani became a member of the National Liberation Movement upon its formation in September 1942.", "locator": "characters 3858:3955; accessed 2026-09-27; sha256 649574f916d4a94c78251d541cb29575cbda48fc08877438d05b6834a8678c85"}], "relation": "unresolved", "startYear": 1925, "functionId": "organizing", "affiliationId": null, "affiliationStatus": "unresolved"}, {"endYear": 1953, "primary": false, "evidence": [{"claim": "니샤니는 1946년부터 1953년까지 알바니아 인민공화국 인민의회 상임위원회 의장으로서 국가원수를 지냈다.", "source": "https://en.wikipedia.org/wiki/Omer_Nishani", "excerpt": "becoming Chairman of the Presidium of the People's Assembly of the People's Republic of Albania (thereby becoming the country's head of state) in 1946 and serving in this position until 1953", "locator": "characters 296:486; sha256 649574f916d4a94c78251d541cb29575cbda48fc08877438d05b6834a8678c85"}, {"claim": "그는 1946년 1월 11일 제헌의회 의장이 되었고, 그 의회는 인민의회로 전환되었다.", "source": "https://en.wikipedia.org/wiki/Omer_Nishani", "excerpt": "On January 11, 1946 Nishani became Chairman of the Constituent Assembly which on March 16 was transformed into the People's Assembly of the People's Republic of Albania.", "locator": "characters 4215:4384; sha256 649574f916d4a94c78251d541cb29575cbda48fc08877438d05b6834a8678c85"}], "relation": "service", "startYear": 1946, "functionId": "government", "affiliationId": "state-albania", "affiliationStatus": "confirmed"}]
ernest-kombo	[{"endYear": 2008, "primary": true, "evidence": [{"claim": "콤보는 콩고의 예수회 사제로 1983년부터 2008년까지 은카이·오완도 주교와 푸앵트누아르 교구 사도좌 서리를 지냈다.", "source": "https://fr.wikipedia.org/wiki/Ernest_Kombo", "excerpt": "Ernest Kombo ou Nkombo, né le 27 mars 1941 à Pointe-Noire et mort le 22 octobre 2008 à Paris, était un prêtre jésuite congolais, évêque de Nkayi de 1983 à 1986, administrateur apostolique de Pointe-Noire de 1986 à 1990 et évêque d'Owando de 1990 à 2008.", "locator": "characters 0:253; accessed 2026-09-27; sha256 fb7123d44e004271f8782c97deb84ce07e976733138b95c64cc964ebc40ef65a"}], "relation": "unresolved", "startYear": 1973, "functionId": "religion", "affiliationId": null, "affiliationStatus": "unresolved"}, {"endYear": 1992, "primary": false, "evidence": [{"claim": "콤보는 1991년부터 1992년까지 콩고의 과도 입법기관인 공화국최고평의회(CSR)를 이끌었다.", "source": "https://en.wikipedia.org/wiki/Ernest_Kombo", "excerpt": "From 1991 to 1992, he was elected to head Congo's interim legislature, the Conseil Superieur de la Republique (CRS).", "locator": "characters 755:871; sha256 8715d368bd6bd0df184cfda884774641814d367eed596966a653f45ffabbc6be"}], "relation": "service", "startYear": 1991, "functionId": "government", "affiliationId": "state-republic-of-congo", "affiliationStatus": "confirmed"}]
jusztinian-seredi	[{"endYear": 1945, "primary": true, "evidence": [{"claim": "에스테르곰 대주교, 헝가리 수좌대주교", "source": "https://en.wikipedia.org/wiki/Jusztini%C3%A1n_Gy%C3%B6rgy_Ser%C3%A9di", "excerpt": "Pope Pius XI appointed him Archbishop of Esztergom on 30 November 1927.", "locator": "Episcopate"}], "relation": "unresolved", "startYear": 1927, "functionId": "religion", "affiliationId": null, "affiliationStatus": "unresolved"}, {"endYear": 1945, "primary": false, "evidence": [{"claim": "당연직 상원 의원", "source": "https://en.wikipedia.org/wiki/Jusztini%C3%A1n_Gy%C3%B6rgy_Ser%C3%A9di", "excerpt": "He was a senator in the parliament of Hungary by his own right.", "locator": "Cardinalate"}], "relation": "service", "startYear": 1927, "functionId": "legislature", "affiliationId": "state-hungary", "affiliationStatus": "confirmed"}]
sadri-maksudi	[{"endYear": 1918, "primary": true, "evidence": [{"claim": "Chairman of the Milli Idare, head of the Idel-Ural State (no catalog affiliation)", "source": "https://ru.wikipedia.org/wiki/%D0%9C%D0%B0%D0%BA%D1%81%D1%83%D0%B4%D0%B8,_%D0%A1%D0%B0%D0%B4%D1%80%D0%B8", "excerpt": "5 января 1918 года Садри Максуди был избран председателем Милли Идарэ", "locator": "Штат Идель-Урал"}], "relation": "unresolved", "startYear": 1918, "functionId": "political-leadership", "affiliationId": null, "affiliationStatus": "unresolved"}, {"endYear": 1912, "primary": false, "evidence": [{"claim": "Member of the Second and Third State Dumas for Kazan province", "source": "https://ru.wikipedia.org/wiki/%D0%9C%D0%B0%D0%BA%D1%81%D1%83%D0%B4%D0%B8,_%D0%A1%D0%B0%D0%B4%D1%80%D0%B8", "excerpt": "Член Государственной Думы второго и третьего созывов от Казанской губернии.", "locator": "преамбула"}], "relation": "service", "startYear": 1907, "functionId": "legislature", "affiliationId": "russian-empire", "affiliationStatus": "confirmed"}, {"endYear": 1917, "primary": false, "evidence": [{"claim": "Member of the Central Committee of Ittifaq al-Muslimin (no catalog affiliation)", "source": "https://ru.wikipedia.org/wiki/%D0%9C%D0%B0%D0%BA%D1%81%D1%83%D0%B4%D0%B8,_%D0%A1%D0%B0%D0%B4%D1%80%D0%B8", "excerpt": "был избран в созданный в ходе 3-го Всероссийского мусульманского съезда (Нижний Новгород, август 1906) ЦК партии «Иттифак аль-Муслимин»", "locator": "Российский политик"}], "relation": "unresolved", "startYear": 1906, "functionId": "organizing", "affiliationId": null, "affiliationStatus": "unresolved"}, {"endYear": 1954, "primary": false, "evidence": [{"claim": "Member of the Turkish parliament for three terms", "source": "https://ru.wikipedia.org/wiki/%D0%9C%D0%B0%D0%BA%D1%81%D1%83%D0%B4%D0%B8,_%D0%A1%D0%B0%D0%B4%D1%80%D0%B8", "excerpt": "Трижды был членом турецкого парламента, в 1931—1935, 1935—1939 и 1950—1954 гг.", "locator": "В Турции"}], "relation": "service", "startYear": 1931, "functionId": "legislature", "affiliationId": "state-turkey", "affiliationStatus": "confirmed"}, {"endYear": 1957, "primary": false, "evidence": [{"claim": "Professor of legal history and philosophy in Ankara and Istanbul", "source": "https://en.wikipedia.org/wiki/Sadri_Maksudi_Arsal", "excerpt": "later as professor of legal history and philosophy in universities of Ankara and Istanbul", "locator": "Biography"}], "relation": "service", "startYear": 1925, "functionId": "scholarship", "affiliationId": "state-turkey", "affiliationStatus": "confirmed"}]
cafer-seydahmet	[{"endYear": 1918, "primary": true, "evidence": [{"claim": "Director of Foreign and Military Affairs of the Crimean People’s Republic (no catalog affiliation)", "source": "https://en.wikipedia.org/wiki/Cafer_Seydahmet_K%C4%B1r%C4%B1mer", "excerpt": "He served as Prime Minister and Director of Foreign and Military Affairs in the Crimean People's Republic", "locator": "lead"}], "relation": "unresolved", "startYear": 1917, "functionId": "military", "affiliationId": null, "affiliationStatus": "unresolved"}, {"endYear": 1918, "primary": false, "evidence": [{"claim": "Foreign minister of the Crimean Regional Government (no catalog affiliation)", "source": "https://en.wikipedia.org/wiki/Cafer_Seydahmet_K%C4%B1r%C4%B1mer", "excerpt": "Seydahmet returned to the peninsula and was appointed Minister of Foreign Affairs in the new government.", "locator": "Biography"}], "relation": "unresolved", "startYear": 1918, "functionId": "diplomacy", "affiliationId": null, "affiliationStatus": "unresolved"}, {"endYear": 1960, "primary": false, "evidence": [{"claim": "Founder and leader of Milliy Firqa (no catalog affiliation)", "source": "https://en.wikipedia.org/wiki/Cafer_Seydahmet_K%C4%B1r%C4%B1mer", "excerpt": "was one of the founders and leaders of Milliy Firqa and Crimean People's Republic", "locator": "lead"}], "relation": "unresolved", "startYear": 1917, "functionId": "political-leadership", "affiliationId": null, "affiliationStatus": "unresolved"}, {"endYear": 1960, "primary": false, "evidence": [{"claim": "Founder of the émigré newspaper Emel (no catalog affiliation)", "source": "https://en.wikipedia.org/wiki/Cafer_Seydahmet_K%C4%B1r%C4%B1mer", "excerpt": "founded a newspaper, named Emel", "locator": "Biography"}], "relation": "unresolved", "startYear": 1918, "functionId": "propaganda", "affiliationId": null, "affiliationStatus": "unresolved"}]
jan-palach	[{"endYear": null, "primary": true, "evidence": [{"claim": "팔라흐는 1968년 바르샤바 조약군의 체코슬로바키아 침공에 반대하는 정치적 항의로 1969년 분신했다.", "source": "https://en.wikipedia.org/wiki/Jan_Palach", "excerpt": "His self-immolation in 1969 at the age of 20 was a political protest against the Warsaw Pact invasion of Czechoslovakia in 1968 which brought an end to the Prague Spring.", "locator": "characters 169:339; sha256 1422cb77aaea69a1174b61eea4d1e04d7455354663ff803c870a60a7607b1d35"}], "relation": "unresolved", "startYear": null, "functionId": "organizing", "affiliationId": null, "affiliationStatus": "unresolved"}]
harold-harmsworth	[{"endYear": 1940, "primary": true, "evidence": [{"claim": "Newspaper proprietor of the Daily Mail and Daily Mirror", "source": "https://en.wikipedia.org/wiki/Harold_Harmsworth%2C_1st_Viscount_Rothermere", "excerpt": "In 1896 Harmsworth and his brother Alfred together founded the Daily Mail. In 1903 they launched the Daily Mirror.", "locator": "Entry into Fleet Street"}], "relation": "unresolved", "startYear": 1896, "functionId": "propaganda", "affiliationId": null, "affiliationStatus": "unresolved"}, {"endYear": null, "primary": false, "evidence": [{"claim": "President of the Air Council", "source": "https://en.wikipedia.org/wiki/Harold_Harmsworth%2C_1st_Viscount_Rothermere", "excerpt": "For a time during the war, Rothermere served as President of the Air Council in the government of David Lloyd George.", "locator": "Public life"}], "relation": "service", "startYear": null, "functionId": "government", "affiliationId": "state-uk", "affiliationStatus": "confirmed"}]
ivan-alexandrov	[{"endYear": null, "primary": true, "evidence": [{"claim": "위키백과 첫 문장이 밝힌 이 인물의 대표 활동.", "source": "https://en.wikipedia.org/wiki/Ivan_Alexandrov", "excerpt": "Ivan Gavrilovich Alexandrov (Russian: Ива́н Гаври́лович Алекса́ндров; 1 September [O.S. 21 August] 1875 – 2 May 1936) was a Russian and Soviet engineer who played a significant role in the modernization of the Soviet Union.", "locator": "plain-text extract lead sentence; sha256 f04ad450246a558ce2cd60f00bdeda793db5e15b06b7eb98d011929fdb0aab94"}], "relation": "unresolved", "startYear": null, "functionId": "science", "affiliationId": null, "affiliationStatus": "unresolved"}]
ivan-ilyin	[{"endYear": null, "primary": true, "evidence": [{"claim": "일린은 러시아의 법학자이자 종교·정치 철학자였다.", "source": "https://en.wikipedia.org/wiki/Ivan_Ilyin", "excerpt": "28 March] 1883 – 21 December 1954) was a Russian jurist, religious and political philosopher, publicist, orator, and a far-right thinker.", "locator": "plain-text extract characters 113:250; sha256 9a5e99a9bf4c09743b82cf07104cce2441fb503c50adf1bff279c654729ef971"}], "relation": "unresolved", "startYear": null, "functionId": "law", "affiliationId": null, "affiliationStatus": "unresolved"}, {"endYear": null, "primary": false, "evidence": [{"claim": "그는 평생 우파 헤겔주의에 충실하며 세계사 속 국가·법·권력을 탐구했다.", "source": "https://en.wikipedia.org/wiki/Ivan_Ilyin", "excerpt": "Remaining true to Right Hegelianism throughout his life, Ilyin explored themes of statehood, law, and power in world history.", "locator": "plain-text extract characters 2302:2427; sha256 9a5e99a9bf4c09743b82cf07104cce2441fb503c50adf1bff279c654729ef971"}], "relation": "unresolved", "startYear": null, "functionId": "scholarship", "affiliationId": null, "affiliationStatus": "unresolved"}]
ion-inculet	[{"endYear": 1918, "primary": true, "evidence": [{"claim": "President of Sfatul Țării, the assembly of the Moldavian Democratic Republic (no catalog affiliation)", "source": "https://en.wikipedia.org/wiki/Ion_Incule%C8%9B", "excerpt": "He served as President of the Country Council of the Moldavian Democratic Republic", "locator": "lead"}], "relation": "unresolved", "startYear": 1917, "functionId": "legislature", "affiliationId": null, "affiliationStatus": "unresolved"}, {"endYear": 1917, "primary": false, "evidence": [{"claim": "Assistant Government Commissioner of Bessarabia for the Provisional Government", "source": "https://en.wikipedia.org/wiki/Ion_Incule%C8%9B", "excerpt": "He was then appointed Assistant Government Commissioner of Bessarabia.", "locator": "February Revolution and Petrograd"}], "relation": "service", "startYear": 1917, "functionId": "government", "affiliationId": "russian-provisional-government", "affiliationStatus": "confirmed"}, {"endYear": 1917, "primary": false, "evidence": [{"claim": "Member of the Socialist Revolutionary Party, expelled in late 1917", "source": "https://en.wikipedia.org/wiki/Ion_Incule%C8%9B", "excerpt": "who was a supporter of socialist ideas, joined the Socialist Revolutionary Party", "locator": "February Revolution and Petrograd"}], "relation": "membership", "startYear": 1917, "functionId": "political-leadership", "affiliationId": "russian-sr", "affiliationStatus": "confirmed"}, {"endYear": 1920, "primary": false, "evidence": [{"claim": "Minister of State for Bessarabia in the Romanian Council of Ministers", "source": "https://en.wikipedia.org/wiki/Ion_Incule%C8%9B", "excerpt": "was appointed Minister of State for Bessarabia to Romania's Council of Ministers under Marghiloman", "locator": "Minister for Bessarabia"}], "relation": "service", "startYear": 1918, "functionId": "government", "affiliationId": "state-romania", "affiliationStatus": "confirmed"}, {"endYear": 1937, "primary": false, "evidence": [{"claim": "Minister of the Interior of Romania under Duca and Tătărescu", "source": "https://en.wikipedia.org/wiki/Ion_Incule%C8%9B", "excerpt": "Following this, Duca appointed Inculet as Minister of the Interior.", "locator": "Various ministries and Duca"}], "relation": "service", "startYear": 1933, "functionId": "government", "affiliationId": "state-romania", "affiliationStatus": "confirmed"}]
pantelimon-erhan	[{"endYear": 1918, "primary": true, "evidence": [{"claim": "First prime minister of the Moldavian Democratic Republic (no catalog affiliation)", "source": "https://en.wikipedia.org/wiki/Pantelimon_Erhan", "excerpt": "He was the first prime minister of the Moldavian Democratic Republic", "locator": "Prime minister"}], "relation": "unresolved", "startYear": 1917, "functionId": "government", "affiliationId": null, "affiliationStatus": "unresolved"}, {"endYear": 1918, "primary": false, "evidence": [{"claim": "Member of the Socialist Revolutionary Party until his expulsion", "source": "https://ro.wikipedia.org/wiki/Pantelimon_Erhan", "excerpt": "Membru al Partidului Socialist-Revoluționar.", "locator": "Biografie"}], "relation": "membership", "startYear": 1917, "functionId": "political-leadership", "affiliationId": "russian-sr", "affiliationStatus": "confirmed"}, {"endYear": null, "primary": false, "evidence": [{"claim": "Director general of education in Bessarabia after the union", "source": "https://ro.wikipedia.org/wiki/Pantelimon_Erhan", "excerpt": "După Unire a fost director general al Învățământului în Basarabia", "locator": "Biografie"}], "relation": "service", "startYear": 1918, "functionId": "education", "affiliationId": "state-romania", "affiliationStatus": "confirmed"}, {"endYear": null, "primary": false, "evidence": [{"claim": "Member of the Romanian Senate", "source": "https://en.wikipedia.org/wiki/Pantelimon_Erhan", "excerpt": "was later elected in the Senate of Romania", "locator": "Prime minister"}], "relation": "service", "startYear": null, "functionId": "legislature", "affiliationId": "state-romania", "affiliationStatus": "confirmed"}]
ivan-pavlov	[{"endYear": null, "primary": true, "evidence": [{"claim": "위키백과 첫 문장이 밝힌 이 인물의 대표 활동.", "source": "https://en.wikipedia.org/wiki/Ivan_Pavlov", "excerpt": "Ivan Petrovich Pavlov (Russian: Иван Петрович Павлов, IPA: [ɪˈvan pʲɪˈtrovʲɪtɕ ˈpavləf] ; 26 September [O.S. 14 September] 1849 – 27 February 1936) was a Russian and Soviet experimental neurologist and physiologist known for his discovery of classical conditioning through his experiments with dogs.", "locator": "plain-text extract lead sentence; sha256 d73678875389744576a2e70698934e93c5cec619e923d8e0c763b6eae41bfac6"}], "relation": "unresolved", "startYear": null, "functionId": "science", "affiliationId": null, "affiliationStatus": "unresolved"}]
pan-halippa	[{"endYear": 1918, "primary": true, "evidence": [{"claim": "Vice-president, then president of Sfatul Țării (no catalog affiliation)", "source": "https://en.wikipedia.org/wiki/Pan_Halippa", "excerpt": "he was elected first vice-president, then president of Sfatul Țării", "locator": "Political activity"}], "relation": "unresolved", "startYear": 1917, "functionId": "legislature", "affiliationId": null, "affiliationStatus": "unresolved"}, {"endYear": null, "primary": false, "evidence": [{"claim": "Member of the Socialist Revolutionary Party as a student", "source": "https://en.wikipedia.org/wiki/Pan_Halippa", "excerpt": "because he was a member of the Socialist Revolutionary Party", "locator": "Education"}], "relation": "membership", "startYear": 1905, "functionId": "political-leadership", "affiliationId": "russian-sr", "affiliationStatus": "confirmed"}, {"endYear": 1917, "primary": false, "evidence": [{"claim": "Publisher and director of the newspaper Cuvânt moldovenesc (no catalog affiliation)", "source": "https://en.wikipedia.org/wiki/Pan_Halippa", "excerpt": "the newspaper Cuvânt moldovenesc, which he directed after April 1917", "locator": "Education"}], "relation": "unresolved", "startYear": 1913, "functionId": "propaganda", "affiliationId": null, "affiliationStatus": "unresolved"}, {"endYear": null, "primary": false, "evidence": [{"claim": "Founder of the Moldovan National Party (no catalog affiliation)", "source": "https://en.wikipedia.org/wiki/Pan_Halippa", "excerpt": "in 1917 he founded the Moldovan National Party", "locator": "Political activity"}], "relation": "unresolved", "startYear": 1917, "functionId": "political-leadership", "affiliationId": null, "affiliationStatus": "unresolved"}, {"endYear": 1933, "primary": false, "evidence": [{"claim": "Romanian minister for Bessarabia and of public works", "source": "https://en.wikipedia.org/wiki/Pan_Halippa", "excerpt": "Minister and Secretary of State for Bessarabia (1919–1920), Minister of Public Works (1927)", "locator": "Political activity"}], "relation": "service", "startYear": 1919, "functionId": "government", "affiliationId": "state-romania", "affiliationStatus": "confirmed"}, {"endYear": 1934, "primary": false, "evidence": [{"claim": "Senator and deputy in the Romanian parliament", "source": "https://en.wikipedia.org/wiki/Pan_Halippa", "excerpt": "senator and deputy in parliament (1918–1934)", "locator": "Political activity"}], "relation": "service", "startYear": 1918, "functionId": "legislature", "affiliationId": "state-romania", "affiliationStatus": "confirmed"}]
ion-pelivan	[{"endYear": 1918, "primary": true, "evidence": [{"claim": "Foreign minister (Director General for Foreign Affairs) of the Moldavian Democratic Republic (no catalog affiliation)", "source": "https://en.wikipedia.org/wiki/Ion_Pelivan", "excerpt": "Pelivan served as Foreign Minister of the Moldavian Democratic Republic in the Pantelimon Erhan Cabinet and the Daniel Ciugureanu Cabinet", "locator": "lead"}], "relation": "unresolved", "startYear": 1917, "functionId": "diplomacy", "affiliationId": null, "affiliationStatus": "unresolved"}, {"endYear": 1920, "primary": false, "evidence": [{"claim": "Minister of Justice in the Vaida-Voevod government", "source": "https://ro.wikipedia.org/wiki/Ion_Pelivan", "excerpt": "a fost ministru al justiției în guvernul condus de Alexandru Vaida-Voievod", "locator": "Biografie"}], "relation": "service", "startYear": 1919, "functionId": "law", "affiliationId": "state-romania", "affiliationStatus": "confirmed"}, {"endYear": null, "primary": false, "evidence": [{"claim": "Deputy and senator in the Romanian parliament", "source": "https://ro.wikipedia.org/wiki/Ion_Pelivan", "excerpt": "fiind ales de mai multe ori deputat și senator în Parlamentul României", "locator": "Biografie"}], "relation": "service", "startYear": null, "functionId": "legislature", "affiliationId": "state-romania", "affiliationStatus": "confirmed"}]
charles-william-ferdinand-of-brunswick	[{"endYear": null, "primary": true, "evidence": [{"claim": "영어 위키백과 첫 문장이 밝힌 이 인물의 대표 활동.", "source": "https://en.wikipedia.org/wiki/Charles_William_Ferdinand%2C_Duke_of_Brunswick", "excerpt": "Charles William Ferdinand (German: Karl Wilhelm Ferdinand; 9 October 1735 – 10 November 1806) was the ruling prince of Brunswick-Wolfenbüttel, hereditary duke of Brunswick-Lüneburg and a military leader.", "locator": "plain-text extract lead sentence; sha256 4c519c9fc10e9ec3ee257573f6221c221e14d596845afd945e19a0957bdaf9c1"}], "relation": "unresolved", "startYear": null, "functionId": "military", "affiliationId": null, "affiliationStatus": "unresolved"}]
zaki-validi	[{"endYear": 1919, "primary": true, "evidence": [{"claim": "Leader of the Bashkir Army (no catalog affiliation)", "source": "https://en.wikipedia.org/wiki/Bashkiria_(1917%E2%80%931919)", "excerpt": "an independent army, named simply the Bashkir Army, was established under the leadership of Zeki Velidi Togan", "locator": "History"}], "relation": "unresolved", "startYear": 1917, "functionId": "military", "affiliationId": null, "affiliationStatus": "unresolved"}, {"endYear": 1919, "primary": false, "evidence": [{"claim": "Deputy chairman of the Bashkir Central Shuro, co-signatory of the autonomy declaration (no catalog affiliation)", "source": "https://en.wikipedia.org/wiki/Bashkiria_(1917%E2%80%931919)", "excerpt": "The declaration of autonomy was signed by Central Shuro chairman Sharif Manatov, deputy chairman Zeki Velidi Togan, and secretary Shaikhzada Babich", "locator": "History"}], "relation": "unresolved", "startYear": 1917, "functionId": "political-leadership", "affiliationId": null, "affiliationStatus": "unresolved"}, {"endYear": 1920, "primary": false, "evidence": [{"claim": "Chairman of the Bashrevkom (Bashkir Revolutionary Committee)", "source": "https://en.wikipedia.org/wiki/Zeki_Velidi_Togan", "excerpt": "From February 1919 to June 1920, he was chairman of the Bashrevkom (Bashkir Revolutionary Committee).", "locator": "Biography"}], "relation": "service", "startYear": 1919, "functionId": "government", "affiliationId": "state-soviet", "affiliationStatus": "confirmed"}, {"endYear": 1918, "primary": false, "evidence": [{"claim": "Member of the Socialist Revolutionary Party", "source": "https://ru.wikipedia.org/wiki/%D0%92%D0%B0%D0%BB%D0%B8%D0%B4%D0%B8,_%D0%90%D1%85%D0%BC%D0%B5%D1%82-%D0%97%D0%B0%D0%BA%D0%B8", "excerpt": "В 1917 году стал членом Партии социалистов-революционеров.", "locator": "Деятельность с 1917 года"}], "relation": "membership", "startYear": 1917, "functionId": "organizing", "affiliationId": "russian-sr", "affiliationStatus": "confirmed"}, {"endYear": 1920, "primary": false, "evidence": [{"claim": "Joined the RKP(b) in 1920", "source": "https://ru.wikipedia.org/wiki/%D0%92%D0%B0%D0%BB%D0%B8%D0%B4%D0%B8,_%D0%90%D1%85%D0%BC%D0%B5%D1%82-%D0%97%D0%B0%D0%BA%D0%B8", "excerpt": "В 1920 году стал членом РКП(б).", "locator": "Деятельность с 1917 года"}], "relation": "membership", "startYear": 1920, "functionId": "organizing", "affiliationId": "soviet-party", "affiliationStatus": "confirmed"}, {"endYear": 1970, "primary": false, "evidence": [{"claim": "Professor of Turkish history at Istanbul University", "source": "https://en.wikipedia.org/wiki/Zeki_Velidi_Togan", "excerpt": "was appointed Chair of Turkish History at the Istanbul University in 1927", "locator": "Biography"}], "relation": "service", "startYear": 1927, "functionId": "scholarship", "affiliationId": "state-turkey", "affiliationStatus": "confirmed"}]
noman-celebicihan	[{"endYear": 1918, "primary": true, "evidence": [{"claim": "Chairman of the Directory of the Crimean People’s Republic (no catalog affiliation)", "source": "https://ru.wikipedia.org/wiki/%D0%A7%D0%B5%D0%BB%D0%B5%D0%B1%D0%B8%D0%B4%D0%B6%D0%B8%D1%85%D0%B0%D0%BD,_%D0%9D%D0%BE%D0%BC%D0%B0%D0%BD", "excerpt": "первый председатель правительства Крымской Народной Республики", "locator": "преамбула"}], "relation": "unresolved", "startYear": 1917, "functionId": "government", "affiliationId": null, "affiliationStatus": "unresolved"}, {"endYear": 1918, "primary": false, "evidence": [{"claim": "First elected mufti of the Muslims of Crimea, Lithuania, Poland and Belarus (no catalog affiliation)", "source": "https://ru.wikipedia.org/wiki/%D0%A7%D0%B5%D0%BB%D0%B5%D0%B1%D0%B8%D0%B4%D0%B6%D0%B8%D1%85%D0%B0%D0%BD,_%D0%9D%D0%BE%D0%BC%D0%B0%D0%BD", "excerpt": "первый избранный временный муфтий мусульман Крыма, Литвы, Польши, Белоруссии", "locator": "преамбула"}], "relation": "unresolved", "startYear": 1917, "functionId": "religion", "affiliationId": null, "affiliationStatus": "unresolved"}, {"endYear": 1918, "primary": false, "evidence": [{"claim": "Chairman of the Crimean Muslim Executive Committee and organiser of the Qurultay (no catalog affiliation)", "source": "https://ru.wikipedia.org/wiki/%D0%A7%D0%B5%D0%BB%D0%B5%D0%B1%D0%B8%D0%B4%D0%B6%D0%B8%D1%85%D0%B0%D0%BD,_%D0%9D%D0%BE%D0%BC%D0%B0%D0%BD", "excerpt": "организатор I Курултая крымскотатарского народа", "locator": "преамбула"}], "relation": "unresolved", "startYear": 1917, "functionId": "political-leadership", "affiliationId": null, "affiliationStatus": "unresolved"}]
jaan-tonisson	[{"endYear": 1940, "primary": true, "evidence": [{"claim": "퇴니손은 1905년 에스토니아 최초의 정당을 창당해 이끌었고, 1930년대 권위주의 체제에서는 민주 야당의 지도자가 되었다.", "source": "https://en.wikipedia.org/wiki/Jaan_T%C3%B5nisson", "excerpt": "Tõnisson used the October Manifesto to widen the rights of Estonians, establishing the first Estonian political party – Estonian National Progress Party (Eesti Rahvuslik Eduerakond – ERE; or Eesti Rahvameelne Eduerakond – Estonian Progressive People's Party) together with Villem Reiman.", "locator": "characters 3710:3997; accessed 2026-09-27; sha256 c7b6f54327180ff67907c9f0256e950b43558065f3417c8ec24d04090a4f264f"}, {"claim": "퇴니손은 1905년 에스토니아 최초의 정당을 창당해 이끌었고, 1930년대 권위주의 체제에서는 민주 야당의 지도자가 되었다.", "source": "https://en.wikipedia.org/wiki/Jaan_T%C3%B5nisson", "excerpt": "With the changing situation in Estonia, Tõnisson became the leader of the democratic opposition.", "locator": "characters 14704:14800; accessed 2026-09-27; sha256 c7b6f54327180ff67907c9f0256e950b43558065f3417c8ec24d04090a4f264f"}], "relation": "unresolved", "startYear": 1905, "functionId": "political-leadership", "affiliationId": null, "affiliationStatus": "unresolved"}, {"endYear": null, "primary": false, "evidence": [{"claim": "얀 퇴니손은 에스토니아의 정치가로서 총리, 국가원수, 외무장관을 역임하며 에스토니아 국가기관에 봉사했다.", "source": "https://en.wikipedia.org/wiki/Jaan_T%C3%B5nisson", "excerpt": "Jaan Tõnisson (22 December [O.S. 10 December] 1868 – 1941?) was an Estonian statesman, serving as the Prime Minister of Estonia twice during 1919 to 1920, as State Elder (head of state and government) from 1927 to 1928 and in 1933, and as Foreign Minister of Estonia from 1931 to 1932.", "locator": "characters 0:285; sha256 dafee2f5373c4f4fefd433e33ce5e55a51780ad9513b891d5c26bfbdd62c9278"}], "relation": "service", "startYear": null, "functionId": "government", "affiliationId": "state-estonia", "affiliationStatus": "confirmed"}, {"endYear": 1932, "primary": false, "evidence": [{"claim": "에스토니아 인민당은 1919년 3월 얀 퇴니손의 지도 아래 창당되었다.", "source": "https://et.wikipedia.org/wiki/Eesti_Rahvaerakond", "excerpt": "Eesti rahvaerakond asutati märtsis 1919, Asutava Kogu valimiste eel Jaan Tõnissoni juhtimisel.", "locator": "characters 117:211; sha256 c2a594843b9802776b577cadb6c75fc4b30516f3eaffb713569289917d5e24f0"}, {"claim": "퇴니손은 제헌의회 선거를 앞두고 자신의 당을 에스토니아 인민당으로 개편했다.", "source": "https://en.wikipedia.org/wiki/Jaan_T%C3%B5nisson", "excerpt": "For the elections to the Estonian Constituent Assembly, Tõnisson had yet again transformed his party, this time to the Estonian People's Party.", "locator": "characters 9894:10037; sha256 c7b6f54327180ff67907c9f0256e950b43558065f3417c8ec24d04090a4f264f"}], "relation": "membership", "startYear": 1919, "functionId": "political-leadership", "affiliationId": "party-estonian-people", "affiliationStatus": "confirmed"}]
raoul-wallenberg	[{"endYear": 1945, "primary": true, "evidence": [{"claim": "부다페스트 스웨덴 공사관 외교관(구조 임무)", "source": "https://en.wikipedia.org/wiki/Raoul_Wallenberg", "excerpt": "While serving as Sweden's special envoy in Budapest between July and December 1944, Wallenberg issued protective passports and sheltered Jews in buildings which he declared as Swedish territory.", "locator": "lead"}], "relation": "unresolved", "startYear": 1944, "functionId": "diplomacy", "affiliationId": null, "affiliationStatus": "unresolved"}, {"endYear": 1944, "primary": false, "evidence": [{"claim": "중부유럽 무역회사 공동 소유주·국제 담당 이사", "source": "https://en.wikipedia.org/wiki/Raoul_Wallenberg", "excerpt": "Within a year, Wallenberg was a joint owner and the International Director of the company.", "locator": "World War II"}], "relation": "unresolved", "startYear": 1936, "functionId": "economy", "affiliationId": null, "affiliationStatus": "unresolved"}]
leopold-ii	[{"endYear": 1792, "primary": true, "evidence": [{"claim": "레오폴트 2세는 1765년부터 토스카나 대공, 1790~1792년 신성 로마 황제였다.", "source": "https://en.wikipedia.org/wiki/Leopold_II%2C_Holy_Roman_Emperor", "excerpt": "Leopold II (Peter Leopold Josef Anton Joachim Pius Gotthard; 5 May 1747 – 1 March 1792) was the penultimate Holy Roman Emperor, as well as King of Hungary, Croatia and Bohemia, and Archduke of Austria from 1790 to 1792, and Grand Duke of Tuscany from 1765 to 1790 as Leopold I.", "locator": "plain-text extract characters 0:277; sha256 d1843cf6994ed7bc7b11b03ac9d12359c50e6faa8b7ca2322ecce14926cae233"}], "relation": "unresolved", "startYear": 1765, "functionId": "monarchy", "affiliationId": null, "affiliationStatus": "unresolved"}]
rezso-kasztner	[{"endYear": 1945, "primary": true, "evidence": [{"claim": "부다페스트 구호구조위원회 지도자", "source": "https://en.wikipedia.org/wiki/Rezső_Kasztner", "excerpt": "Kasztner was one of the leaders of the Budapest Aid and Rescue Committee (Va'adat Ezrah Vehatzalah, or Vaada), which smuggled Jewish refugees into Hungary during World War II.", "locator": "lead"}], "relation": "unresolved", "startYear": 1941, "functionId": "organizing", "affiliationId": null, "affiliationStatus": "unresolved"}, {"endYear": 1941, "primary": false, "evidence": [{"claim": "유대계 신문 『우이 켈레트』 기자", "source": "https://en.wikipedia.org/wiki/Rezső_Kasztner", "excerpt": "He attended law school, as she wished, then worked full-time for Új Kelet after graduating", "locator": "Early career"}], "relation": "unresolved", "startYear": null, "functionId": "propaganda", "affiliationId": null, "affiliationStatus": "unresolved"}, {"endYear": 1955, "primary": false, "evidence": [{"claim": "이스라엘 상공부 대변인", "source": "https://en.wikipedia.org/wiki/Rezső_Kasztner", "excerpt": "Kasztner moved to Israel after the war, becoming a spokesman for the Ministry of Trade and Industry in 1952.", "locator": "lead"}], "relation": "service", "startYear": 1952, "functionId": "government", "affiliationId": "state-israel", "affiliationStatus": "confirmed"}]
jozsef-mindszenty	[{"endYear": 1974, "primary": true, "evidence": [{"claim": "베스프렘 주교, 에스테르곰 대주교·수좌대주교, 추기경", "source": "https://en.wikipedia.org/wiki/József_Mindszenty", "excerpt": "was a Hungarian cardinal of the Catholic Church who served as Archbishop of Esztergom and leader of the Catholic Church in Hungary from 1945 to 1973", "locator": "lead"}], "relation": "unresolved", "startYear": 1944, "functionId": "religion", "affiliationId": null, "affiliationStatus": "unresolved"}]
eugene-v-debs	[{"endYear": 1897, "primary": true, "evidence": [{"claim": "뎁스는 1893년 미국 최초의 산업별 노동조합 중 하나인 미국철도노동조합(ARU)을 조직하고 초대 회장으로 선출되었다.", "source": "https://en.wikipedia.org/wiki/Eugene_V._Debs", "excerpt": "After stepping down as Brotherhood Grand Secretary in 1893, Debs organized one of the first industrial unions in the United States, the American Railway Union (ARU), for unskilled workers. He was elected president of the ARU upon its founding", "locator": "characters 6368:6610; sha256 096552197075d56e8efe56b81d270fc898527083174fb1168b41baab2d8b5337"}, {"claim": "뎁스는 1905년 시카고에서 세계산업노동자연맹(IWW) 창립에 참여했다.", "source": "https://en.wikipedia.org/wiki/Eugene_V._Debs", "excerpt": "On June 27, 1905, in Chicago, Illinois, Debs and other influential union leaders including Bill Haywood, leader of the Western Federation of Miners; and Daniel De Leon, leader of the Socialist Labor Party, held what Haywood called the \"Continental Congress of the working class\".", "locator": "characters 15705:15984; sha256 096552197075d56e8efe56b81d270fc898527083174fb1168b41baab2d8b5337"}, {"claim": "미국철도연합은 1897년 미국 사회민주주의 단체에 합류하며 해산했다.", "source": "https://en.wikipedia.org/wiki/American_Railway_Union", "excerpt": "The group's blacklisted and dispirited remnants finally disbanded the organization via amalgamation into the Social Democracy of America (SDA) at its founding convention in June 1897.", "locator": "en: History"}, {"claim": "뎁스는 미국철도연합 지도자로서 파업을 이끌다 투옥되었다.", "source": "https://en.wikipedia.org/wiki/Eugene_V._Debs", "excerpt": "As a leader of the ARU, Debs was convicted of federal charges for defying a court injunction against the strike and served six months in prison.", "locator": "en: lead"}], "relation": "service", "startYear": 1893, "functionId": "organizing", "affiliationId": "american-railway-union", "affiliationStatus": "confirmed"}, {"endYear": null, "primary": false, "evidence": [{"claim": "유진 V. 뎁스는 1901년 미국 사회당 창당 회원이었다.", "source": "https://en.wikipedia.org/wiki/Eugene_V._Debs", "excerpt": "Debs was a founding member of the Social Democracy of America (1897), the Social Democratic Party of America (1898) and the Socialist Party of America (1901).", "locator": "characters 1638:1796; sha256 55238306ee5b579e2c2c33a7214d32b689cc9c80707856471ce8e4bc1aa5e834"}, {"claim": "유진 V. 뎁스는 미국 사회당 대통령 후보로 다섯 번 출마했다.", "source": "https://en.wikipedia.org/wiki/Eugene_V._Debs", "excerpt": "a five-time candidate of the Socialist Party of America for President of the United States", "locator": "characters 196:286; sha256 55238306ee5b579e2c2c33a7214d32b689cc9c80707856471ce8e4bc1aa5e834"}], "relation": "membership", "startYear": 1901, "functionId": "organizing", "affiliationId": "party-us-socialist", "affiliationStatus": "confirmed"}, {"endYear": null, "primary": false, "evidence": [{"claim": "유진 V. 뎁스는 정치 경력 초기에 미국 민주당원이었다.", "source": "https://en.wikipedia.org/wiki/Eugene_V._Debs", "excerpt": "Early in his political career, Debs was a member of the Democratic Party.", "locator": "characters 452:525; sha256 55238306ee5b579e2c2c33a7214d32b689cc9c80707856471ce8e4bc1aa5e834"}, {"claim": "유진 V. 뎁스는 1884년 미국 민주당 소속으로 인디애나주 의회 의원에 당선되었다.", "source": "https://en.wikipedia.org/wiki/Eugene_V._Debs", "excerpt": "He was elected as a Democrat to the Indiana General Assembly in 1884.", "locator": "characters 526:595; sha256 55238306ee5b579e2c2c33a7214d32b689cc9c80707856471ce8e4bc1aa5e834"}], "relation": "membership", "startYear": null, "functionId": "organizing", "affiliationId": "party-us-democratic", "affiliationStatus": "confirmed"}]
stanislaw-hejmowski	[{"endYear": null, "primary": true, "evidence": [{"claim": "헤이모프스키는 1956년 포즈난 시위 참가자들을 변호한 변호사였다.", "source": "https://en.wikipedia.org/wiki/1956_Pozna%C5%84_protests", "excerpt": "Stanisław Hejmowski, Michał Grzegorzewicz and Gerard Kujanek (among others), the lawyers who defended them, faced repressions by the government for their statements that the government's actions had led to the death of innocent civilians.", "locator": "characters 9182:9420; sha256 470dbe87ffabb97853f575eedc396c32f3697fcf6f070d26b0bedde4e24e2fca"}, {"claim": "헤이모프스키는 재판에서 변호인으로 활동했다.", "source": "https://en.wikipedia.org/wiki/Arthur_Greiser", "excerpt": "Greiser's advocates, Stanisław Hejmowski and Jan Kręglewski, tried to convince the Tribunal that Greiser, as a head of a formally independent state, the Free City of Danzig, could not be judged by another country, an argument rejected by the court.", "locator": "characters 13061:13309; sha256 bbfd5001f0a9f9572ee87ffc77a74899db0fc873470aecfba560b12497dfd8d5"}], "relation": "unresolved", "startYear": null, "functionId": "law", "affiliationId": null, "affiliationStatus": "unresolved"}]
alexander-khatisian	[{"endYear": 1920, "primary": true, "evidence": [{"claim": "Foreign minister of the First Republic of Armenia; signed the treaties of Batum and Alexandropol (no catalog affiliation)", "source": "https://en.wikipedia.org/wiki/Alexander_Khatisian", "excerpt": "he served as foreign minister and signed the Treaty of Batum with the Ottoman Empire", "locator": "Biography"}], "relation": "unresolved", "startYear": 1918, "functionId": "diplomacy", "affiliationId": null, "affiliationStatus": "unresolved"}, {"endYear": 1920, "primary": false, "evidence": [{"claim": "Prime minister of the First Republic of Armenia (no catalog affiliation)", "source": "https://en.wikipedia.org/wiki/Alexander_Khatisian", "excerpt": "then served as prime minister from May 1919 to May 1920", "locator": "Biography"}], "relation": "unresolved", "startYear": 1919, "functionId": "government", "affiliationId": null, "affiliationStatus": "unresolved"}, {"endYear": 1917, "primary": false, "evidence": [{"claim": "Mayor of Tbilisi (municipal office, no catalog affiliation)", "source": "https://en.wikipedia.org/wiki/Alexander_Khatisian", "excerpt": "He served as the mayor of Tiflis from 1910 to 1917.", "locator": "Biography"}], "relation": "unresolved", "startYear": 1910, "functionId": "government", "affiliationId": null, "affiliationStatus": "unresolved"}, {"endYear": null, "primary": false, "evidence": [{"claim": "하티시안은 1917년 아르메니아 혁명연맹에 입당했다.", "source": "https://en.wikipedia.org/wiki/Alexander_Khatisian", "excerpt": "In 1917, Khatisian became a member of the Armenian Revolutionary Federation.", "locator": "characters 1333:1409; sha256 807f18b05f88702740889c164ee591a0554faf02385dd7603a7899ebd998dbe6"}, {"claim": "하티시안은 2월 혁명 뒤 다슈나크추튠에 정식 입당했다.", "source": "https://ru.wikipedia.org/wiki/%D0%A5%D0%B0%D1%82%D0%B8%D1%81%D0%BE%D0%B2,_%D0%90%D0%BB%D0%B5%D0%BA%D1%81%D0%B0%D0%BD%D0%B4%D1%80_%D0%98%D0%B2%D0%B0%D0%BD%D0%BE%D0%B2%D0%B8%D1%87", "excerpt": "После Февральской революции Хатисов официально вступил в партию «Дашнакцутюн».", "locator": "characters 2287:2365; sha256 20b1623bcfbfe0c8091ed1a104f9a367b3ac954650b4fb2a73e3811767528ac3"}], "relation": "membership", "startYear": 1917, "functionId": "diplomacy", "affiliationId": "armenian-revolutionary-federation", "affiliationStatus": "confirmed"}]
vaclav-havel	[{"endYear": null, "primary": true, "evidence": [{"claim": "하벨은 체코의 극작가이자 작가였다.", "source": "https://en.wikipedia.org/wiki/V%C3%A1clav_Havel", "excerpt": "was a Czech statesman, author, poet, playwright, and dissident", "locator": "characters 78:140; sha256 6324878571d1bb9225c9e8ba8d37f3addb3fe0e6ea97a5ccb693e68c25860a71"}, {"claim": "그의 첫 자작 장편 희곡 '가든 파티'가 1963년에 공연되었다.", "source": "https://en.wikipedia.org/wiki/V%C3%A1clav_Havel", "excerpt": "His first own full-length play performed in public, besides various vaudeville collaborations, was The Garden Party (1963).", "locator": "characters 4924:5047; sha256 6324878571d1bb9225c9e8ba8d37f3addb3fe0e6ea97a5ccb693e68c25860a71"}], "relation": "unresolved", "startYear": null, "functionId": "arts", "affiliationId": null, "affiliationStatus": "unresolved"}]
hussein-kulmiye-afrah	[{"endYear": null, "primary": true, "evidence": [{"claim": "후세인 쿨미예 아프라는 소말리아의 매우 고위 경찰관이자 혁명가·정치인으로 규정된다.", "source": "https://en.wikipedia.org/wiki/Hussein_Kulmiye_Afrah", "excerpt": "Hussein Kulmiye Afrah (Somali: Xuseen Kulmiye Afrax, Arabic: حسين كلمي افرح, (1920 – 1993) was a very senior Somali police officer, revolutionary and a politician who served as the second Vice President of Somalia from 1971 to 1989 and various political positions in the Somali Democratic Republic.", "locator": "characters 0:298; accessed 2026-09-27; sha256 b16926c26a9b0b52ed89445ea60773eef141f0d71157d3b00d3ac5eb36c9e857"}], "relation": "unresolved", "startYear": null, "functionId": "security", "affiliationId": null, "affiliationStatus": "unresolved"}, {"endYear": 1989, "primary": false, "evidence": [{"claim": "후세인 쿨미예 아프라는 1971년부터 1989년까지 소말리아 제2부통령을 지낸 정치인으로, 소말리아 국가기관에서 고위 행정직을 수행했다.", "source": "https://en.wikipedia.org/wiki/Hussein_Kulmiye_Afrah", "excerpt": "Hussein Kulmiye Afrah (Somali: Xuseen Kulmiye Afrax, Arabic: حسين كلمي افرح, (1920 – 1993) was a very senior Somali police officer, revolutionary and a politician who served as the second Vice President of Somalia from 1971 to 1989 and various political positions in the Somali Democratic Republic.", "locator": "characters 0:298; sha256 da5afdbeb0e64a3debd8b8ace28f17ae82a59ee482edbb2992e58ebfa3d68f5c"}], "relation": "service", "startYear": 1971, "functionId": "government", "affiliationId": "state-somalia", "affiliationStatus": "confirmed"}, {"endYear": null, "primary": false, "evidence": [{"claim": "1976년 창립대회 뒤 구성된 5인 정치국에 제2부통령 후세인 쿨미예 아프라가 들어갔다.", "source": "https://en.wikipedia.org/wiki/Somali_Revolutionary_Socialist_Party", "excerpt": "A five-member politburo, consisting of Barre, Lt. General Mohammad Ali Samatar (vice president), Major General Hussein Kulmiye Afrah (2nd vice president), Brig. Ahmad Sulaymaan Abdullah and Brig. Ismail Ali Abukor (who was later replaced by Brig. Ahmad Mahamuud Faarah) was constituted.", "locator": "characters 486:772; sha256 aad8f638d317712b5db6cfb92e38cdda51d0a7660f9c8a40146593202c536455"}], "relation": "membership", "startYear": 1976, "functionId": "political-leadership", "affiliationId": "party-somali-rsp", "affiliationStatus": "confirmed"}]
son-sann	[{"endYear": 1992, "primary": true, "evidence": [{"claim": "손 산은 1978년 KPNLF를 결성했다.", "source": "https://en.wikipedia.org/wiki/Son_Sann", "excerpt": "In 1978, he formed the Khmer People's National Liberation Front (KPNLF) to unite anti-communist refugees on the Thai-Cambodia border following the 1978 Vietnamese invasion of Cambodia.", "locator": "characters 2770:2954; sha256 e84097fb34875a55bf32d73b3565e2d6aac9dcc93554926d84f003d751acb679"}, {"claim": "손 산은 1982년 연립정부의 총리로 임명되었다.", "source": "https://en.wikipedia.org/wiki/Son_Sann", "excerpt": "Son Sann was named Prime Minister in the new coalition government.", "locator": "characters 3189:3255; sha256 e84097fb34875a55bf32d73b3565e2d6aac9dcc93554926d84f003d751acb679"}, {"claim": "크메르 인민민족해방전선은 1979년 인민공화국 정권에 맞서 조직된 정치 전선이다.", "source": "https://en.wikipedia.org/wiki/Khmer_People%27s_National_Liberation_Front", "excerpt": "The Khmer People's National Liberation Front (KPNLF, Khmer: រណសិរ្សរំដោះជាតិប្រជាជនខ្មែរ) was a political front organized in 1979 in opposition to the Vietnamese-installed People's Republic of Kampuchea (PRK) regime in Cambodia.", "locator": "en: lead"}, {"claim": "손 산은 1992년 불교자유민주당을 새로 창당했다(KPNLF 지도의 끝).", "source": "https://en.wikipedia.org/wiki/Son_Sann", "excerpt": "Following Cambodia's Paris Peace Agreement, Son Sann formed a new political party, the Buddhist Liberal Democratic Party in 1992 and participated in the 1993 elections.", "locator": "en: lead"}], "relation": "service", "startYear": 1979, "functionId": "political-leadership", "affiliationId": "cambodian-kpnlf", "affiliationStatus": "confirmed"}, {"endYear": 1952, "primary": false, "evidence": [{"claim": "손 산은 민주당 초기 지지자로 당 운영위원회 위원이 되었다.", "source": "https://en.wikipedia.org/wiki/Son_Sann", "excerpt": "An early supporter of the Khmer Democratic Party, Son Sann became a member of its steering committee.", "locator": "characters 1303:1404; sha256 e84097fb34875a55bf32d73b3565e2d6aac9dcc93554926d84f003d751acb679"}, {"claim": "1952년 6월 초 민주당 대회가 손 산을 당 총재로 지명했다.", "source": "https://fr.wikipedia.org/wiki/Parti_d%C3%A9mocrate_(Cambodge)", "excerpt": "le congrès nommait un économiste réputé, Son Sann, président du parti.", "locator": "characters 23280:23350; sha256 9f46c91844a1bf524275aaadb87b51bb5790a14728aa735f52cba5e081804e5c"}, {"claim": "손 산은 1952년 민주당이 「분쇄」된 뒤 당 지도부에서 물러났다.", "source": "https://en.wikipedia.org/wiki/Son_Sann", "excerpt": "Following the \"crushing\" of the Democrat Party in 1952, he resigned from the leadership of the party.", "locator": "characters 1808:1909; sha256 e84097fb34875a55bf32d73b3565e2d6aac9dcc93554926d84f003d751acb679"}], "relation": "membership", "startYear": null, "functionId": "political-leadership", "affiliationId": "party-cambodian-democratic", "affiliationStatus": "confirmed"}, {"endYear": null, "primary": false, "evidence": [{"claim": "손 산은 상쿰 당원으로 정계에 복귀해 1950년대 말~1960년대 초 여러 정부에서 일했다.", "source": "https://en.wikipedia.org/wiki/Son_Sann", "excerpt": "He re-entered politics as a member of the Sangkum party and served in several governments in the late 1950s to the early 1960s holding various posts before becoming president of the National Bank of Cambodia (1955–1968).", "locator": "characters 1910:2130; sha256 e84097fb34875a55bf32d73b3565e2d6aac9dcc93554926d84f003d751acb679"}], "relation": "membership", "startYear": null, "functionId": "political-leadership", "affiliationId": "party-sangkum", "affiliationStatus": "confirmed"}]
stepan-bandera	[{"endYear": null, "primary": true, "evidence": [{"claim": "Bandera led nationalist underground activity; he organized the assassination of Pieracki, was imprisoned, led OUN-B after its 1940 split, and its 1941 proclamation pledged cooperation with Nazi Germany; he was later held in Sachsenhausen and led the OUN foreign organization after the war.", "source": "https://en.wikipedia.org/wiki/Stepan_Bandera", "excerpt": "Bandera was born into the family of a Ukrainian Greek Catholic priest in the Austro-Hungarian region of Galicia, which after World War I became part of Poland. Involved in nationalist organisations from a young age, he joined the Ukrainian Military Organisation in 1924. In 1931, he became head of propaganda of the Organisation of Ukrainian Nationalists (OUN), and later became head of the OUN for Poland in 1932. In 1934, he organised the assassination of the Polish interior minister, Bronisław Pieracki, for which he was sentenced to death for terrorism, subsequently commuted to life imprisonment.\nDuring the invasion of Poland in 1939, Bandera left custody amidst the turmoil, moving on to Kraków. In 1940, the OUN split into two factions with Bandera leading the more radical faction, the OUN-B, in opposition to the OUN-M. Bandera's OUN-B was devoted to the establishment of an independent Ukrainian state, envisioned by him as \"a one-party fascist dictatorship free of national minorities\" according to Timothy Snyder.  On 22 June 1941, the day that Nazi Germany invaded the Soviet Union, Bandera formed the Ukrainian National Committee. Its head, Yaroslav Stetsko, announced the creation of a Ukrainian state on 30 June 1941, in German-captured Lviv. The proclamation pledged to work with Nazi Germany. Germany disapproved of the proclamation and, for his refusal to rescind it, Bandera was arrested by the Gestapo and sent to the Sachsenhausen concentration camp in January 1942. The Germa", "locator": "characters 185–2041"}], "relation": "unresolved", "startYear": null, "functionId": "political-leadership", "affiliationId": null, "affiliationStatus": "unresolved"}, {"endYear": 1959, "primary": false, "evidence": [{"claim": "반데라는 1929년 우크라이나 민족주의자 조직이 창설되자 서우크라이나의 첫 회원 가운데 한 사람이 되었다.", "source": "https://uk.wikipedia.org/wiki/%D0%91%D0%B0%D0%BD%D0%B4%D0%B5%D1%80%D0%B0_%D0%A1%D1%82%D0%B5%D0%BF%D0%B0%D0%BD_%D0%90%D0%BD%D0%B4%D1%80%D1%96%D0%B9%D0%BE%D0%B2%D0%B8%D1%87", "excerpt": "Коли в 1929 році була створена Організація українських націоналістів (ОУН), Бандера став одним з перших членів на Західній Україні на рекомендацію Степана Охримовича.", "locator": "characters 10937:11103; sha256 fbd3d055b66f373ca07dce624c342a0a6247510aa3954ee23883ed9cda50d21f"}, {"claim": "반데라는 1931년 조직의 선전 책임자가 되었고 1932년 폴란드 지역 책임자가 되었다.", "source": "https://en.wikipedia.org/wiki/Stepan_Bandera", "excerpt": "In 1931, he became head of propaganda of the Organisation of Ukrainian Nationalists (OUN), and later became head of the OUN for Poland in 1932.", "locator": "characters 456:599; sha256 144c86bb5b4c07d0f9638e34418616ff8b0901d8acbb9d02930c52f77012c017"}, {"claim": "반데라는 조직 분열 뒤 반데라파(OUN-B) 지도부 의장이었다.", "source": "https://uk.wikipedia.org/wiki/%D0%91%D0%B0%D0%BD%D0%B4%D0%B5%D1%80%D0%B0_%D0%A1%D1%82%D0%B5%D0%BF%D0%B0%D0%BD_%D0%90%D0%BD%D0%B4%D1%80%D1%96%D0%B9%D0%BE%D0%B2%D0%B8%D1%87", "excerpt": "після розколу Організації українських націоналістів — голова Проводу ОУН-Б", "locator": "characters 244:318; sha256 fbd3d055b66f373ca07dce624c342a0a6247510aa3954ee23883ed9cda50d21f"}, {"claim": "반데라는 1959년 사망할 때까지 반데라파의 지도자였다.", "source": "https://en.wikipedia.org/wiki/Stepan_Bandera", "excerpt": "Stepan Andriiovych Bandera (1 January 1909 – 15 October 1959) was a Ukrainian far-right leader of the radical militant faction of the Organization of Ukrainian Nationalists, the OUN-B.", "locator": "characters 0:184; sha256 144c86bb5b4c07d0f9638e34418616ff8b0901d8acbb9d02930c52f77012c017"}], "relation": "membership", "startYear": 1929, "functionId": "political-leadership", "affiliationId": "oun", "affiliationStatus": "confirmed"}]
gustav-landauer	[{"endYear": null, "primary": true, "evidence": [{"claim": "Founded the Socialist Bund in 1908", "source": "https://spartacus-educational.com/GERlandauer.htm", "excerpt": "Landauer and Erich Mühsam established Sozialistischer Bund in May 1908, with the stated goal of \"uniting all humans who are serious about realizing socialism\". Landauer and Mühsam hoped to inspire the creation of small independent cooperatives and communes as the basic cells of a new socialist society. To support the new organisation, Landauer revived Der Sozialist, describing it as the Journal of the Socialist Bund.", "locator": "characters 3874–4294"}], "relation": "unresolved", "startYear": null, "functionId": "organizing", "affiliationId": null, "affiliationStatus": "unresolved"}]
tomas-garrigue-masaryk	[{"endYear": null, "primary": true, "evidence": [{"claim": "마사리크는 망명 중 체코슬로바키아 독립 운동을 조직하고 주도했다.", "source": "https://en.wikipedia.org/wiki/Tom%C3%A1%C5%A1_Masaryk", "excerpt": "He went into exile, and travelled around Europe to organise and promote the Czechoslovak cause.", "locator": "characters 764:859; sha256 6dfb40b76e1b64e9385129ad08dab782886b6ab8c43d4bdbdbb7f8efa731a721"}, {"claim": "그는 망명 중 체코와 슬로바키아인들을 조직하여 독립 운동의 기반을 마련했다.", "source": "https://en.wikipedia.org/wiki/Tom%C3%A1%C5%A1_Masaryk", "excerpt": "Masaryk began organizing Czechs and Slovaks outside Austria-Hungary during his exile, establishing contacts which would be crucial to Czechoslovak independence.", "locator": "characters 5515:5675; sha256 6dfb40b76e1b64e9385129ad08dab782886b6ab8c43d4bdbdbb7f8efa731a721"}], "relation": "unresolved", "startYear": null, "functionId": "political-leadership", "affiliationId": null, "affiliationStatus": "unresolved"}, {"endYear": 1935, "primary": false, "evidence": [{"claim": "마사리크는 1918년 체코슬로바키아 대통령으로 선출되었다.", "source": "https://en.wikipedia.org/wiki/Tom%C3%A1%C5%A1_Masaryk", "excerpt": "he was elected president of Czechoslovakia by the National Assembly in Prague while he was in New York.", "locator": "characters 14068:14171; sha256 6dfb40b76e1b64e9385129ad08dab782886b6ab8c43d4bdbdbb7f8efa731a721"}, {"claim": "그는 1935년 사임할 때까지 체코슬로바키아 대통령으로 국가를 통치했다.", "source": "https://en.wikipedia.org/wiki/Tom%C3%A1%C5%A1_Masaryk", "excerpt": "Masaryk presided over a period of stability as Czechoslovakia emerged as a strong democratic state. He resigned from office in 1935 due to old age", "locator": "characters 1591:1737; sha256 6dfb40b76e1b64e9385129ad08dab782886b6ab8c43d4bdbdbb7f8efa731a721"}], "relation": "service", "startYear": 1918, "functionId": "government", "affiliationId": "state-czechoslovakia", "affiliationStatus": "confirmed"}, {"endYear": 1893, "primary": false, "evidence": [{"claim": "마사리크는 1890년 청년체코당에 입당했고 이듬해 제국의회 의원으로 뽑혔다.", "source": "https://cs.wikipedia.org/wiki/Tom%C3%A1%C5%A1_Garrigue_Masaryk", "excerpt": "Roku 1890 vstoupil s přáteli do mladočeské strany a v dalším roce byl zvolen poslancem Říšské rady.", "locator": "characters 1259:1358; sha256 14838b53190fcf671a7b43a270108d3c64afdaf2a4f3ae292e545428cd87f449"}, {"claim": "마사리크는 1891~1893년 청년체코당 소속으로 제국의회 의원을 지냈다.", "source": "https://en.wikipedia.org/wiki/Tom%C3%A1%C5%A1_Garrigue_Masaryk", "excerpt": "Masaryk served in the Reichsrat from 1891 to 1893 with the Young Czech Party and from 1907 to 1914 in the Czech Progressive Party, which he had founded in 1900.", "locator": "characters 4752:4912; sha256 9cd29d6aef87d4dbb620f1116461c7160b0bc6df15f5f3ae40763d627b224070"}], "relation": "membership", "startYear": 1890, "functionId": "political-leadership", "affiliationId": "party-young-czech", "affiliationStatus": "confirmed"}]
hjalmar-mae	[{"endYear": 1944, "primary": true, "evidence": [{"claim": "에스토니아 자치행정 수장", "source": "https://en.wikipedia.org/wiki/Hjalmar_M%C3%A4e", "excerpt": "In 1941–1944 he headed the Estonian Self-Administration, a puppet government set up during the country's occupation by Nazi Germany during World War II.", "locator": "lead"}], "relation": "unresolved", "startYear": 1941, "functionId": "government", "affiliationId": null, "affiliationStatus": "unresolved"}, {"endYear": 1934, "primary": false, "evidence": [{"claim": "해방전쟁참전자동맹(밥스) 선전 책임자", "source": "https://et.wikipedia.org/wiki/Hjalmar_M%C3%A4e", "excerpt": "Samal päeval sai temast Eesti Vabadussõjalaste Liidu propagandajuht.", "locator": "Vabadussõjalaste liikumises"}], "relation": "unresolved", "startYear": null, "functionId": "propaganda", "affiliationId": null, "affiliationStatus": "unresolved"}]
zanis-lipke	[{"endYear": 1944, "primary": true, "evidence": [{"claim": "리가의 유대인 구조", "source": "https://en.wikipedia.org/wiki/%C5%BDanis_Lipke", "excerpt": "was a Latvian rescuer of Jews in Riga in World War II from the Holocaust in Latvia", "locator": "lead"}], "relation": "unresolved", "startYear": 1941, "functionId": "organizing", "affiliationId": null, "affiliationStatus": "unresolved"}, {"endYear": 1920, "primary": false, "evidence": [{"claim": "라트비아 독립전쟁 때 포병 복무", "source": "https://lv.wikipedia.org/wiki/%C5%BDanis_Lipke", "excerpt": "Latvijas brīvības cīņu laikā no 1919. līdz 1920. gadam dienēja Latvijas armijas Daugavpils artilērijas pulkā", "locator": "Dzīvesgājums"}], "relation": "service", "startYear": 1919, "functionId": "military", "affiliationId": "state-latvia", "affiliationStatus": "confirmed"}]
mikhail-kalashnikov	[{"endYear": null, "primary": true, "evidence": [{"claim": "AK-47을 개발한 총기 설계자로, 주된 활동은 공학·기술 개발이다.", "source": "https://en.wikipedia.org/wiki/Mikhail_Kalashnikov", "excerpt": "He is most famous for developing the AK-47 assault rifle", "locator": "Lead, first paragraph"}], "relation": "unresolved", "startYear": null, "functionId": "science", "affiliationId": null, "affiliationStatus": "unresolved"}, {"endYear": 2013, "primary": false, "evidence": [{"claim": "통합 러시아 소속 의원 알렉산드르 힌시테인은 미하일 칼라시니코프가 2001년부터 통합 러시아 당원이며 우드무르트 지역 지부 창립자라고 밝혔다.", "source": "https://ru.wikipedia.org/wiki/%D0%9A%D0%B0%D0%BB%D0%B0%D1%88%D0%BD%D0%B8%D0%BA%D0%BE%D0%B2,_%D0%9C%D0%B8%D1%85%D0%B0%D0%B8%D0%BB_%D0%A2%D0%B8%D0%BC%D0%BE%D1%84%D0%B5%D0%B5%D0%B2%D0%B8%D1%87", "excerpt": "он добавил, что Михаил Калашников помимо того, что является «членом партии „Единая Россия“ с 2001 года» и учредителем Удмуртского регионального отделения «Единой России»", "locator": "characters 35890:36059; sha256 acf44b8bec9dc7955098cad8052739ac431886d8e324256686e98a552d014a11"}], "relation": "membership", "startYear": 2001, "functionId": "science", "affiliationId": "party-united-russia", "affiliationStatus": "confirmed"}]
jonas-zemaitis	[{"endYear": 1953, "primary": true, "evidence": [{"claim": "Chairman of the Union of Lithuanian Freedom Fighters (LLKS), no catalog affiliation", "source": "https://en.wikipedia.org/wiki/Jonas_%C5%BDemaitis", "excerpt": "In February 1949, he established the Union of Lithuanian Freedom Fighters and became its chairman", "locator": "Biography"}], "relation": "unresolved", "startYear": 1944, "functionId": "military", "affiliationId": null, "affiliationStatus": "unresolved"}, {"endYear": 1940, "primary": false, "evidence": [{"claim": "Artillery officer of the Lithuanian army", "source": "https://en.wikipedia.org/wiki/Jonas_%C5%BDemaitis", "excerpt": "Žemaitis was promoted to captain and commanded artillery units in the Lithuanian military", "locator": "Biography"}], "relation": "service", "startYear": 1929, "functionId": "military", "affiliationId": "state-lithuania", "affiliationStatus": "confirmed"}]
yi-dong-hwi	[{"endYear": 1922, "primary": true, "evidence": [{"claim": "이동휘는 1918년 한인사회당 창당에 참여했고, 1920년 고려공산당을 결성했다.", "source": "https://en.wikipedia.org/wiki/Yi_Tonghwi", "excerpt": "Yi was one of the founding members of the Korean Socialist Party in Khabarovsk on 26 June 1918, and sought support from the Bolsheviks.", "locator": "characters 1296:1431; accessed 2026-09-27; sha256 d6fe60c9245c03763514eced7f1723bb30e7e7446110fc42cf5db83fdf5be2a1"}, {"claim": "이동휘는 1918년 한인사회당 창당에 참여했고, 1920년 고려공산당을 결성했다.", "source": "https://en.wikipedia.org/wiki/Yi_Tonghwi", "excerpt": "Yi formed the Korean Communist Party in 1920, and members from the Korean Socialist Party joined the party on 10 January 1921.", "locator": "characters 2217:2343; accessed 2026-09-27; sha256 d6fe60c9245c03763514eced7f1723bb30e7e7446110fc42cf5db83fdf5be2a1"}], "relation": "unresolved", "startYear": 1918, "functionId": "political-leadership", "affiliationId": null, "affiliationStatus": "unresolved"}, {"endYear": null, "primary": false, "evidence": [{"claim": "이동휘는 대한민국 임시정부의 제2대 국무총리를 역임했다.", "source": "https://en.wikipedia.org/wiki/Yi_Tonghwi", "excerpt": "Yi Tonghwi (Korean: 이동휘; Hanja: 李東煇; 1873 – 31 January 1935) was a Korean politician who served as the second Prime Minister of the Provisional Government of the Republic of Korea.", "locator": "characters 0:180; sha256 a51c99eeb9180c1cae91d96715bad80c7eb32a19b64e2c2e300fd5608e6d5671"}], "relation": "service", "startYear": null, "functionId": "government", "affiliationId": "korean-independence-movement", "affiliationStatus": "confirmed"}, {"endYear": 1921, "primary": false, "evidence": [{"claim": "이동휘는 1918년 5월 11일 하바롭스크에서 한인사회당을 조직했다.", "source": "https://ko.wikipedia.org/wiki/%EC%9D%B4%EB%8F%99%ED%9C%98", "excerpt": "그리하여 1918년 5월 11일(러시아 구력 율리우스력 4월 28일) 하바로프스크에서 한인사회당(韓人社會黨)을 조직하고 연해주에서 한인적위군(韓人赤衛軍)을 편성하는 활동에 적극 참여하였다.", "locator": "characters 2021:2126; sha256 fdecb39194d749e4702fd73b81e932bd2e540c5059b89ba793d52a4eea501cc5"}, {"claim": "이동휘는 한인사회당 당수로서 임시정부 국무총리에 취임했다.", "source": "https://ko.wikipedia.org/wiki/%EA%B3%A0%EB%A0%A4%EA%B3%B5%EC%82%B0%EB%8B%B9_(%EC%83%81%ED%95%98%EC%9D%B4)", "excerpt": "당시 상해임시정부는 이동휘가 한인사회당 당수로서 국무총리에 취임함으로써 민족,사회주의 세력의 연합정부 형태를 띠었다.", "locator": "characters 131:196; sha256 3d5de1544ff5394f4063e6adc4542afd4027872b3efb05e96bcf8ad5a3c4f76b"}], "relation": "membership", "startYear": 1918, "functionId": "political-leadership", "affiliationId": "party-korean-socialist-1918", "affiliationStatus": "confirmed"}, {"endYear": 1922, "primary": false, "evidence": [{"claim": "상하이파 고려공산당은 1921년 이동휘를 중심으로 상하이에서 결성되었다.", "source": "https://ko.wikipedia.org/wiki/%EA%B3%A0%EB%A0%A4%EA%B3%B5%EC%82%B0%EB%8B%B9_(%EC%83%81%ED%95%98%EC%9D%B4)", "excerpt": "상하이 고려공산당은 1921년 중국 상하이에서 이동휘를 중심으로 결성된 사회주의 단체이다.", "locator": "characters 0:50; sha256 3d5de1544ff5394f4063e6adc4542afd4027872b3efb05e96bcf8ad5a3c4f76b"}, {"claim": "상하이파 고려공산당은 1922년 12월 코민테른 주도로 해체되었다.", "source": "https://ko.wikipedia.org/wiki/%EA%B3%A0%EB%A0%A4%EA%B3%B5%EC%82%B0%EB%8B%B9_(%EC%83%81%ED%95%98%EC%9D%B4)", "excerpt": "1922년 12월 코민테른 주도로 이르쿠츠크 고려공산당과 함께 해체되었고, 이후 꼬르뷰로(1923.2)를 설치, 통일된 공산당을 조직하게 했다.", "locator": "characters 339:419; sha256 3d5de1544ff5394f4063e6adc4542afd4027872b3efb05e96bcf8ad5a3c4f76b"}], "relation": "membership", "startYear": 1921, "functionId": "political-leadership", "affiliationId": "party-koryo-communist", "affiliationStatus": "confirmed"}]
adolfas-ramanauskas	[{"endYear": 1956, "primary": true, "evidence": [{"claim": "Partisan commander and leader of the Union of Lithuanian Freedom Fighters, no catalog affiliation", "source": "https://en.wikipedia.org/wiki/Adolfas_Ramanauskas", "excerpt": "When Žemaitis resigned due to poor health in 1952, Ramanauskas became the leader of the Union.", "locator": "1949–1952"}], "relation": "unresolved", "startYear": 1945, "functionId": "military", "affiliationId": null, "affiliationStatus": "unresolved"}, {"endYear": 1952, "primary": false, "evidence": [{"claim": "Editor of partisan newspapers", "source": "https://en.wikipedia.org/wiki/Adolfas_Ramanauskas", "excerpt": "He also wrote, edited, and published numerous partisan newspapers", "locator": "1946–1948"}], "relation": "unresolved", "startYear": 1946, "functionId": "propaganda", "affiliationId": null, "affiliationStatus": "unresolved"}]
juozas-luksa	[{"endYear": 1951, "primary": true, "evidence": [{"claim": "Lithuanian partisan commander, no catalog affiliation", "source": "https://en.wikipedia.org/wiki/Juozas_Luk%C5%A1a", "excerpt": "Within a year, he commanded the Birutė brigade of the Tauras military district.", "locator": "Life"}], "relation": "unresolved", "startYear": 1946, "functionId": "military", "affiliationId": null, "affiliationStatus": "unresolved"}, {"endYear": 1950, "primary": false, "evidence": [{"claim": "Author of Fighters for Freedom", "source": "https://en.wikipedia.org/wiki/Juozas_Luk%C5%A1a", "excerpt": "During his stay in the West, Lukša wrote Fighters for Freedom", "locator": "Life"}], "relation": "unresolved", "startYear": 1948, "functionId": "propaganda", "affiliationId": null, "affiliationStatus": "unresolved"}]
lee-kuan-yew	[{"endYear": null, "primary": true, "evidence": [{"claim": "1954년 정당 창당, 총리 1959–1990, 1963–1965 말레이시아 의회 의원, 1990–2004 선임장관, 2004–2011 자문장관.", "source": "https://en.wikipedia.org/wiki/Lee_Kuan_Yew", "excerpt": "Lee Kuan Yew (born Harry Lee Kuan Yew; 16 September 1923 – 23 March 2015), also known as LKY, was a Singaporean politician, barrister and statesman who served as the first prime minister of Singapore from 1959 to 1990. A member of the People's Action Party (PAP), his authoritarian governance oversaw the transformation of post-independence Singapore into a highly developed country and one of the four Asian Tigers. He is regarded as the founding father of modern Singapore.\nBorn in Singapore during British colonial rule to a family of Peranakan Chinese descent, Lee studied law in England at Cambridge University and was called to the bar at the Middle Temple in 1950. Shortly after, he returned to Singapore and practised law, founding the law firm Lee & Lee. In 1954, Lee co-founded the PAP, which won significant support among the working class and trade unions in the lead up to the 1955 general election, securing him a seat in the Tanjong Pagar division and making him the de facto leader of the opposition. In 1959, Lee led the PAP to its first electoral victory, becoming Singapore's first prime minister. Seeking sovereignty from the British Empire, Lee led Singapore to a merger with Malaya along with Sarawak and Sabah, forming Malaysia in 1963. Racial strife and ideological differences later led to Singapore's expulsion from Malaysia and consequent independence in 1965.\nLee oversaw major economic reforms and urban development, instituting policies promoting meritocracy, multiracia", "locator": "characters 0–2756"}], "relation": "unresolved", "startYear": null, "functionId": "government", "affiliationId": null, "affiliationStatus": "unresolved"}, {"endYear": 1992, "primary": false, "evidence": [{"claim": "리콴유는 1954년 창당된 인민행동당의 사무총장이 되어 1957년 잠시를 빼고 1992년까지 그 자리를 지켰다.", "source": "https://en.wikipedia.org/wiki/Lee_Kuan_Yew", "excerpt": "Lee became secretary-general of the party, a post he held until 1992, barring a brief period in 1957 when the post was taken up by T. T. Rajah.", "locator": "characters 12808:12951; sha256 324ccecf4c6c707919c27d198d861aa76797705ecb093f501540c5d82d98f5f8"}, {"claim": "리콴유는 1992년 12월 2일 사무총장에서 물러나 고촉통에게 넘겼다.", "source": "https://en.wikipedia.org/wiki/Lee_Kuan_Yew", "excerpt": "Lee subsequently stepped down as secretary-general of the PAP and was succeeded by Goh Chok Tong on 2 December 1992.", "locator": "characters 72537:72653; sha256 324ccecf4c6c707919c27d198d861aa76797705ecb093f501540c5d82d98f5f8"}], "relation": "membership", "startYear": 1954, "functionId": "political-leadership", "affiliationId": "party-singapore-pap", "affiliationStatus": "confirmed"}]
vincentas-borisevicius	[{"endYear": 1946, "primary": true, "evidence": [{"claim": "Catholic priest, seminary rector and bishop of Telšiai, no catalog affiliation", "source": "https://en.wikipedia.org/wiki/Vincentas_Borisevi%C4%8Dius", "excerpt": "Borisevičius succeeded him as the new bishop of Telšiai", "locator": "lead"}], "relation": "unresolved", "startYear": 1910, "functionId": "religion", "affiliationId": null, "affiliationStatus": "unresolved"}]
bogd-khan	[{"endYear": 1924, "primary": true, "evidence": [{"claim": "보그드 칸은 제8대 젭춘담바 후툭투로서 티베트 불교 위계의 세 번째 인물이었고 보그드 칸국 티베트 불교의 영적 지도자였다.", "source": "https://en.wikipedia.org/wiki/Bogd_Khan", "excerpt": "Born in Tibet, he was the third most important person in the Tibetan Buddhist hierarchy as the 8th Jebtsundamba Khutuktu, below only the Dalai Lama and Panchen Lama, and therefore also known as the \"Bogdo Lama\".", "locator": "characters 210:421; accessed 2026-09-27; sha256 29299fc4fe17f1d371a8cc3f8c1ac319baabd8136fe3c9aed21cb4b7ba033bd2"}, {"claim": "보그드 칸은 제8대 젭춘담바 후툭투로서 티베트 불교 위계의 세 번째 인물이었고 보그드 칸국 티베트 불교의 영적 지도자였다.", "source": "https://en.wikipedia.org/wiki/Bogd_Khan", "excerpt": "He was the spiritual leader of Tibetan Buddhism in the Bogd Khaganate.", "locator": "characters 422:492; accessed 2026-09-27; sha256 29299fc4fe17f1d371a8cc3f8c1ac319baabd8136fe3c9aed21cb4b7ba033bd2"}], "relation": "unresolved", "startYear": 1874, "functionId": "religion", "affiliationId": null, "affiliationStatus": "unresolved"}, {"endYear": 1924, "primary": false, "evidence": [{"claim": "그는 1911년 12월 29일 새로운 몽골 국가의 보그드 칸으로 즉위하여 국가원수가 되었다.", "source": "https://en.wikipedia.org/wiki/Bogd_Khan", "excerpt": "On 29 December, the Khutuktu was formally installed as the Bogd Khan of the new Mongolian state.", "locator": "characters 3363:3459; sha256 29299fc4fe17f1d371a8cc3f8c1ac319baabd8136fe3c9aed21cb4b7ba033bd2"}, {"claim": "1921년 혁명 이후에도 1924년 사망할 때까지 제한적 군주로서 왕위에 남아 국가원수직을 유지했다.", "source": "https://en.wikipedia.org/wiki/Bogd_Khan", "excerpt": "After the revolution in 1921 led by Damdin Sükhbaatar, the Bogd Khan was allowed to stay on the throne in a limited monarchy until his death in 1924", "locator": "characters 3872:4020; sha256 29299fc4fe17f1d371a8cc3f8c1ac319baabd8136fe3c9aed21cb4b7ba033bd2"}], "relation": "service", "startYear": 1911, "functionId": "monarchy", "affiliationId": "state-mongolia", "affiliationStatus": "confirmed"}]
frederick-william-ii	[{"endYear": 1797, "primary": true, "evidence": [{"claim": "프리드리히 빌헬름 2세는 1786년부터 1797년 죽을 때까지 프로이센 국왕이었다.", "source": "https://en.wikipedia.org/wiki/Frederick_William_II_of_Prussia", "excerpt": "; 25 September 1744 – 16 November 1797) was King of Prussia from 1786 until his death in 1797.", "locator": "plain-text extract characters 51:145; sha256 fdf29e8579967899b7241f66bb04ac89598ce3315402db21b57c98e095cf04a0"}], "relation": "unresolved", "startYear": 1786, "functionId": "monarchy", "affiliationId": null, "affiliationStatus": "unresolved"}]
song-qingling	[{"endYear": 1949, "primary": true, "evidence": [{"claim": "쑹칭링은 공산당 지도자 구출에 관여하고 1938년 중국보위동맹을 창설해 항전 지원을 조직했다.", "source": "https://en.wikipedia.org/wiki/Soong_Ching-ling", "excerpt": "She played a key role in rescuing Communist leaders, including Chen Geng, Liao Chengzhi, and Chen Duxiu, and communicated with the CCP via her secretary  Li Yun.", "locator": "characters 16151:16312; accessed 2026-09-27; sha256 bec6ab636034d10581660fa43125731406fc72864b3e63a60e6ec90917eadb92"}, {"claim": "쑹칭링은 공산당 지도자 구출에 관여하고 1938년 중국보위동맹을 창설해 항전 지원을 조직했다.", "source": "https://en.wikipedia.org/wiki/Soong_Ching-ling", "excerpt": "In 1938, she founded the China Defence League in Hong Kong, aiming to garner international support for China's war effort.", "locator": "characters 16926:17048; accessed 2026-09-27; sha256 bec6ab636034d10581660fa43125731406fc72864b3e63a60e6ec90917eadb92"}], "relation": "unresolved", "startYear": 1931, "functionId": "organizing", "affiliationId": null, "affiliationStatus": "unresolved"}, {"endYear": null, "primary": false, "evidence": [{"claim": "쑹칭링은 1949년 중화인민공화국 수립 후 중앙인민정부 부주석 6인 중 한 명이 되었다.", "source": "https://en.wikipedia.org/wiki/Soong_Ching-ling", "excerpt": "After the formal establishment of the People's Republic of China in 1949, she became one of six vice chairs of the Central People's Government", "locator": "plain-text extract characters 19449:19591; accessed 2026-10-01; sha256 bec6ab636034d10581660fa43125731406fc72864b3e63a60e6ec90917eadb92"}], "relation": "service", "startYear": 1949, "functionId": "government", "affiliationId": "china-prc", "affiliationStatus": "confirmed"}, {"endYear": 1981, "primary": false, "evidence": [{"claim": "쑹칭링은 1981년 사망 몇 주 전 중국공산당에 입당했다.", "source": "https://en.wikipedia.org/wiki/Soong_Ching-ling", "excerpt": "She was named Honorary Chairman of the People's Republic of China and admitted to the Chinese Communist Party (CCP) a few weeks before her death in 1981.", "locator": "characters 591:744; sha256 bec6ab636034d10581660fa43125731406fc72864b3e63a60e6ec90917eadb92"}], "relation": "membership", "startYear": 1981, "functionId": "organizing", "affiliationId": "china-ccp", "affiliationStatus": "confirmed"}, {"endYear": 1927, "primary": false, "evidence": [{"claim": "쑹칭링은 1925년 쑨원 사망 뒤 중국국민당 중앙집행위원으로 선출되었다.", "source": "https://en.wikipedia.org/wiki/Soong_Ching-ling", "excerpt": "After Sun's death in 1925, Ching-ling was elected to the KMT Central Executive Committee.", "locator": "characters 11459:11548; sha256 bec6ab636034d10581660fa43125731406fc72864b3e63a60e6ec90917eadb92"}, {"claim": "쑹칭링은 1926년 중국국민당 제2차 전국대표대회에서 중앙위원 겸 부녀부장으로 선출되었다.", "source": "https://ru.wikipedia.org/wiki/%D0%A1%D1%83%D0%BD_%D0%A6%D0%B8%D0%BD%D0%BB%D0%B8%D0%BD", "excerpt": "В 1926 году на втором Всекитайском съезде Гоминьдана Сун Цинлин была избрана членом ЦК и начальником сектора по работе среди женщин.", "locator": "characters 1140:1272; sha256 661d53019de8145b677ae0d0124b128e598ef69ceda87a4ef0e2622d585311d9"}], "relation": "membership", "startYear": 1926, "functionId": "political-leadership", "affiliationId": "china-kmt", "affiliationStatus": "confirmed"}]
conrado-benitez	[{"endYear": null, "primary": true, "evidence": [{"claim": "자원 교사로 농촌의 아동과 성인을 가르치는 문해 운동에 참여했다. 사후 이름을 딴 여단을 생전 소속으로 간주하지 않는다.", "source": "https://www.ecured.cu/Conrado_Ben%C3%ADtez_Garc%C3%ADa", "excerpt": "Se inició como maestro voluntario y fue ubicado en una escuela en las montañas de Sancti Spíritus, donde alternaba las clases de 44 niños por el día con otros tantos adultos por las noches, con el fin de erradicar el analfabetismo.", "locator": "characters 781:1012; sha256 a2bfeda5f7080e8dbbeafa0e27fc4ac36c25c3a19c27679be925c904c4e8b16d"}], "relation": "unresolved", "startYear": null, "functionId": "education", "affiliationId": null, "affiliationStatus": "unresolved"}]
ahmad-shah-massoud	[{"endYear": 2001, "primary": true, "evidence": [{"claim": "마수드는 1979~1989년 소련 점령에 맞선 아프가니스탄 무자헤딘의 최고 지휘관이었다.", "source": "https://en.wikipedia.org/wiki/Ahmad_Shah_Massoud", "excerpt": "Known as the \"Lion of Panjshir\", he was the foremost commander of the Afghan mujahideen against Soviet occupation during the Soviet–Afghan War from 1979 to 1989.", "locator": "characters 94:255; sha256 a0ce42acf7b7de3bcc2d6ee2d173af65a9bc045a87e5963dc62955b47393c9fd"}, {"claim": "1996년 이후 그는 탈레반에 맞서는 북부동맹의 군사 지도자가 되었다.", "source": "https://en.wikipedia.org/wiki/Ahmad_Shah_Massoud", "excerpt": "He became the military leader of the Northern Alliance, which by 2000 controlled only 5–10% of the country.", "locator": "characters 1464:1571; sha256 a0ce42acf7b7de3bcc2d6ee2d173af65a9bc045a87e5963dc62955b47393c9fd"}, {"claim": "마수드는 라바니의 이슬람회(자미아트 이슬라미)에 가담했다.", "source": "https://en.wikipedia.org/wiki/Ahmad_Shah_Massoud", "excerpt": "He joined the Jamiat-i Islami of Burhanuddin Rabbani and, in 1975, participated in a failed uprising against President Daoud Khan's government.", "locator": "en: lead"}, {"claim": "마수드는 이슬람회(자미아트) 무장세력을 지휘했다.", "source": "https://en.wikipedia.org/wiki/Ahmad_Shah_Massoud", "excerpt": "Human Rights Watch, in a report based largely on the material collected by the Afghanistan Justice Project, concurs that Massoud's Jamiat forces bear a share of the responsibility for human rights abuses throughout the war", "locator": "en: Afshar operation (February 1993)"}], "relation": "service", "startYear": 1979, "functionId": "military", "affiliationId": "party-afghan-jamiat-e-islami", "affiliationStatus": "confirmed"}]
apostolos-santas	[{"endYear": null, "primary": true, "evidence": [{"claim": "산타스는 1942년 EAM에 가입하고 이듬해 게릴라 부대 ELAS에 합류하여 추축군에 대항해 중부 그리스 전역에서 여러 전투에 참전했다.", "source": "https://en.wikipedia.org/wiki/Apostolos_Santas", "excerpt": "In 1942, he joined the fledgling National Liberation Front (EAM), and a year later the guerrilla force ELAS, with which he participated in several battles against the Axis troops throughout Central Greece.", "locator": "characters 1141:1346; sha256 c5eb859d4f2652cfbb959aa293aa95433ec716f6a0010a1ddd607c92bbb2d625"}, {"claim": "그는 1941년 5월 30일 밤 마놀리스 글레조스와 함께 아크로폴리스에 올라 나치 깃발을 내렸으며, 이는 그리스 최초의 저항 행동 중 하나였다.", "source": "https://en.wikipedia.org/wiki/Apostolos_Santas", "excerpt": "On the night of 30 May 1941, he and Manolis Glezos climbed on the Acropolis of Athens and tore down the Nazi flag, which had been there since 27 April, when the Nazi forces had entered and occupied Athens, leaving the flagpole empty. That was one of the first resistance acts in Greece.", "locator": "characters 693:979; sha256 c5eb859d4f2652cfbb959aa293aa95433ec716f6a0010a1ddd607c92bbb2d625"}], "relation": "membership", "startYear": 1942, "functionId": "organizing", "affiliationId": "greek-eam", "affiliationStatus": "confirmed"}]
brazauskas	[{"endYear": 2001, "primary": true, "evidence": [{"claim": "브라자우스카스는 1988년 리투아니아 공산당 제1서기가 되어 당을 이끌었고, 당이 소련 공산당과 결별해 사회민주주의 정당으로 전환하는 과정을 주도했다.", "source": "https://en.wikipedia.org/wiki/Algirdas_Brazauskas", "excerpt": "In 1988, he became the first secretary of the Communist Party of Lithuania. Under his leadership, the majority of the Communist Party of Lithuania supported the Lithuanian independence movement, broke away from the Communist Party of the Soviet Union and transformed itself into social-democratic Democratic Labour Party of Lithuania", "locator": "characters 2258:2591; sha256 fc3b9269abd0bc477cf53a678ef9ac86f3aacc70105a56d4cf2676219e1f54b5"}, {"claim": "그는 자신의 정당인 민주노동당의 지지로 대통령에 당선되었다.", "source": "https://en.wikipedia.org/wiki/Algirdas_Brazauskas", "excerpt": "Though he was elected with the backing of his political party, the Democratic Labour Party, he attempted to stay within the limitations of constitutional powers", "locator": "en: President of Lithuania"}], "relation": "service", "startYear": 1990, "functionId": "political-leadership", "affiliationId": "party-lithuanian-democratic-labour", "affiliationStatus": "confirmed"}, {"endYear": 2006, "primary": false, "evidence": [{"claim": "브라자우스카스는 리투아니아 대통령(1993–1998)과 총리(2001–2006)를 역임했다.", "source": "https://en.wikipedia.org/wiki/Algirdas_Brazauskas", "excerpt": "Algirdas Mykolas Brazauskas (22 September 1932 – 26 June 2010) was the fourth president of Lithuania, in office from 1993 to 1998. He also served as Prime Minister of Lithuania from 2001 to 2006.", "locator": "characters 0:195; sha256 fc3b9269abd0bc477cf53a678ef9ac86f3aacc70105a56d4cf2676219e1f54b5"}], "relation": "service", "startYear": 1993, "functionId": "government", "affiliationId": "state-lithuania", "affiliationStatus": "confirmed"}, {"endYear": null, "primary": false, "evidence": [{"claim": "알기르다스 브라자우스카스는 1977–1987년 리투아니아 공산당 중앙위원회 서기였다.", "source": "https://en.wikipedia.org/wiki/Algirdas_Brazauskas", "excerpt": "1977–1987, secretary of Central Committee of Communist Party of Lithuania.", "locator": "characters 1621:1695; sha256 df0a565d87514667f1f75bc0748b85f7027db5c8c9b336c8a3c0c1ad6b3cab87"}, {"claim": "알기르다스 브라자우스카스는 1988년 리투아니아 공산당 제1서기가 되었다.", "source": "https://en.wikipedia.org/wiki/Algirdas_Brazauskas", "excerpt": "In 1988, he became the first secretary of the Communist Party of Lithuania.", "locator": "characters 2268:2343; sha256 df0a565d87514667f1f75bc0748b85f7027db5c8c9b336c8a3c0c1ad6b3cab87"}], "relation": "membership", "startYear": 1977, "functionId": "political-leadership", "affiliationId": "soviet-party", "affiliationStatus": "confirmed"}]
alexei-yablokov	[{"endYear": null, "primary": true, "evidence": [{"claim": "위키백과 첫 문장이 밝힌 이 인물의 대표 활동.", "source": "https://en.wikipedia.org/wiki/Alexei_Vladimirovich_Yablokov", "excerpt": "Alexei Vladimirovich Yablokov (Russian: Алексей Владимирович Яблоков; 3 October 1933 – 10 January 2017) was a Soviet and Russian biologist, environmentalist and politician.", "locator": "plain-text extract lead sentence; sha256 5a9f8b84fa1c5bb7ce3db1e4351d2f2292b57a256415d1a47ced6e60d86076b1"}], "relation": "unresolved", "startYear": null, "functionId": "science", "affiliationId": null, "affiliationStatus": "unresolved"}]
george-padmore	[{"endYear": 1933, "primary": true, "evidence": [{"claim": "패드모어는 저명한 범아프리카주의자이자 언론인, 저술가였다.", "source": "https://en.wikipedia.org/wiki/George_Padmore", "excerpt": "George Padmore (28 June 1903 – 23 September 1959), born Malcolm Ivan Meredith Nurse, was a leading Pan-Africanist, journalist, and author.", "locator": "characters 0:138; sha256 ac4d6ea449ce27237b9313c7ae5af04b83372fb0b026c17ef75d80187874fcf8"}, {"claim": "그는 1945년 맨체스터 범아프리카 회의를 조직했으며, 이는 그의 저술·이론 활동의 연장이었다.", "source": "https://en.wikipedia.org/wiki/George_Padmore", "excerpt": "Padmore was then organizing the 1945 Manchester Pan-African Congress (designated the Fifth Pan-African Congress), attended not only by the inner circle of the IASB but also by W. E. B. Du Bois, the American organizer of earlier Pan-African conferences.", "locator": "characters 9393:9645; sha256 ac4d6ea449ce27237b9313c7ae5af04b83372fb0b026c17ef75d80187874fcf8"}, {"claim": "코민테른이 후원한 흑인노동자 국제노조위원회(ITUCNW)가 출범했다.", "source": "https://en.wikipedia.org/wiki/George_Padmore", "excerpt": "It launched a Comintern-backed international organization of black labour organizations called the International Trade Union Committee of Negro Workers (ITUCNW).", "locator": "en: Comintern"}, {"claim": "패드모어는 이 단체 월간지 『흑인 노동자』를 편집했다.", "source": "https://en.wikipedia.org/wiki/George_Padmore", "excerpt": "Padmore lived in Vienna, Austria, during this time, where he edited the monthly publication of the new group, The Negro Worker.", "locator": "en: Comintern"}, {"claim": "1933년 코민테른이 ITUCNW와 『흑인 노동자』를 중단시켰다.", "source": "https://en.wikipedia.org/wiki/George_Padmore", "excerpt": "Padmore was deported to England by the German government, while the Comintern placed the ITUCNW and its Negro Worker on hiatus in August 1933.", "locator": "en: Comintern"}], "relation": "service", "startYear": 1930, "functionId": "arts", "affiliationId": "comintern", "affiliationStatus": "confirmed"}, {"endYear": null, "primary": false, "evidence": [{"claim": "조지 패드모어는 1927년 워싱턴에서 미국 공산당에 정식 입당했다.", "source": "https://en.wikipedia.org/wiki/George_Padmore", "excerpt": "Padmore officially joined the Communist Party in 1927", "locator": "plain-text extract characters 2947:3000; accessed 2026-10-01; sha256 d63cf20e534e21662955aa730bb68c6de37c2b0b7c54f74fcfb74dbc9667d363"}], "relation": "membership", "startYear": 1927, "functionId": "organizing", "affiliationId": "party-us-communist", "affiliationStatus": "confirmed"}]
georgios-papandreou	[{"endYear": 1945, "primary": true, "evidence": [{"claim": "파판드레우는 그리스 총리를 세 차례 역임했다.", "source": "https://en.wikipedia.org/wiki/Georgios_Papandreou", "excerpt": "He served three terms as the prime minister of Greece (1944–1945, 1963, 1964–1965).", "locator": "characters 179:262; sha256 85a15db845956f2b9eea519d72238b95e098717bd2b0f429bf9a28c46242727a"}, {"claim": "그는 1944년 10월 그리스 망명정부의 총리로서 아테네에 입성했다.", "source": "https://en.wikipedia.org/wiki/Georgios_Papandreou", "excerpt": "After the evacuation of Greece by the Axis powers, he entered Athens (October 1944) as Prime Minister of the Greek government-in-exile with some units of the Greek Army and the allied British.", "locator": "characters 7518:7710; sha256 85a15db845956f2b9eea519d72238b95e098717bd2b0f429bf9a28c46242727a"}], "relation": "service", "startYear": 1944, "functionId": "government", "affiliationId": "state-greece", "affiliationStatus": "confirmed"}, {"endYear": 1968, "primary": false, "evidence": [{"claim": "그는 1961년 중앙연합당을 창당했다.", "source": "https://en.wikipedia.org/wiki/Georgios_Papandreou", "excerpt": "In 1961, Papandreou revived Greek liberalism by founding the Centre Union Party, a confederation of old liberal Venizelists, social democrats and dissatisfied conservatives.", "locator": "characters 8765:8938; sha256 85a15db845956f2b9eea519d72238b95e098717bd2b0f429bf9a28c46242727a"}, {"claim": "그는 1961년 총선에서 중앙연합을 이끌었다.", "source": "https://en.wikipedia.org/wiki/Georgios_Papandreou", "excerpt": "The merger of the Liberal Party and other parties in 1961 created the Centre Union that Papandreou led in that year's elections.", "locator": "characters 2133:2261; sha256 85a15db845956f2b9eea519d72238b95e098717bd2b0f429bf9a28c46242727a"}, {"claim": "1961년 창당된 중도연합을 파판드레우가 이끌었다.", "source": "https://en.wikipedia.org/wiki/Georgios_Papandreou", "excerpt": "The merger of the Liberal Party and other parties in 1961 created the Centre Union that Papandreou led in that year's elections.", "locator": "en: Centre Union"}], "relation": "service", "startYear": 1961, "functionId": "political-leadership", "affiliationId": "party-greek-centre-union", "affiliationStatus": "confirmed"}, {"endYear": 1935, "primary": false, "evidence": [{"claim": "게오르기오스 파판드레우는 1923년 12월 선거에서 베니젤로스파 자유당 소속 레스보스 의원으로 당선되었다.", "source": "https://en.wikipedia.org/wiki/Georgios_Papandreou", "excerpt": "In the December 1923 elections, he was elected as a Venizelist Liberal Party member of parliament for Lésvos, and served as finance minister for just 11 days in June 1925, education minister in 1930–1932 and transport minister in 1933.", "locator": "characters 6105:6340; sha256 85a15db845956f2b9eea519d72238b95e098717bd2b0f429bf9a28c46242727a"}, {"claim": "1935년 3월 1일 쿠데타 시도의 여파로 파판드레우는 자유당에서 떠났다.", "source": "https://el.wikipedia.org/wiki/%CE%9A%CF%8C%CE%BC%CE%BC%CE%B1_%CF%84%CF%89%CE%BD_%CE%A6%CE%B9%CE%BB%CE%B5%CE%BB%CE%B5%CF%85%CE%B8%CE%AD%CF%81%CF%89%CE%BD", "excerpt": "Νέα απόπειρα πραξικοπήματος την 1η Μαρτίου 1935, είχε σαν αποτέλεσμα την αποχώρηση του Γεωργίου Παπανδρέου από το Κόμμα Φιλελευθέρων", "locator": "characters 3772:3904; sha256 15ed23f3726c5a0fefe7f30bab52331508583c0897abcf55db74edde7a2a3589"}], "relation": "membership", "startYear": 1923, "functionId": "government", "affiliationId": "party-greek-liberal", "affiliationStatus": "confirmed"}, {"endYear": 1958, "primary": false, "evidence": [{"claim": "파판드레우는 1945년 이후 소포클리스 베니젤로스 아래에서 자유당 부당수가 되었다.", "source": "https://en.wikipedia.org/wiki/Georgios_Papandreou", "excerpt": "He resigned in early January 1945 and rose to becoming deputy leader of the Liberal Party under Sofoklis Venizelos.", "locator": "characters 1716:1831; sha256 85a15db845956f2b9eea519d72238b95e098717bd2b0f429bf9a28c46242727a"}, {"claim": "1952년 선거 패배 뒤 파판드레우가 자유당 지도부를 맡았다.", "source": "https://el.wikipedia.org/wiki/%CE%9A%CF%8C%CE%BC%CE%BC%CE%B1_%CF%84%CF%89%CE%BD_%CE%A6%CE%B9%CE%BB%CE%B5%CE%BB%CE%B5%CF%85%CE%B8%CE%AD%CF%81%CF%89%CE%BD", "excerpt": "Μετά την ήττα των Φιλελευθέρων στις εκλογές του 1952 από τον Ελληνικό Συναγερμό του Αλεξάνδρου Παπάγου, ο Σοφοκλής Βενιζέλος αποσύρθηκε προσωρινά από την πολιτική και την ηγεσία του κόμματος ανέλαβε ο Γεώργιος Παπανδρέου.", "locator": "characters 5343:5564; sha256 15ed23f3726c5a0fefe7f30bab52331508583c0897abcf55db74edde7a2a3589"}, {"claim": "1958년 11월 당수 선거에서 소포클리스 베니젤로스가 재선되자 파판드레우는 자유당을 떠났다.", "source": "https://el.wikipedia.org/wiki/%CE%9A%CF%8C%CE%BC%CE%BC%CE%B1_%CF%84%CF%89%CE%BD_%CE%A6%CE%B9%CE%BB%CE%B5%CE%BB%CE%B5%CF%85%CE%B8%CE%AD%CF%81%CF%89%CE%BD", "excerpt": "Μετά την επανεκλογή του Σοφοκλή Βενιζέλου το κόμμα διασπάστηκε κι έτσι αποχώρησαν βασικά στελέχη όπως ο Γεώργιος Παπανδρέου, ο Κωνσταντίνος Μητσοτάκης, ο Γεώργιος Μαύρος, ο Ιωάννης Ζίγδης, κ.α.", "locator": "characters 6213:6406; sha256 15ed23f3726c5a0fefe7f30bab52331508583c0897abcf55db74edde7a2a3589"}], "relation": "membership", "startYear": 1945, "functionId": "political-leadership", "affiliationId": "party-greek-liberal", "affiliationStatus": "confirmed"}]
georgy-arbatov	[{"endYear": 1991, "primary": true, "evidence": [{"claim": "아르바토프는 소련 과학아카데미 산하 미국·캐나다 연구소(ISKRAN)의 창립 소장이자 이후 명예 소장으로서 학술 연구 기관을 이끌었다.", "source": "https://en.wikipedia.org/wiki/Georgy_Arbatov", "excerpt": "He was the founding director and later emeritus director of the Institute for US and Canadian Studies of the Soviet Academy of Sciences (ISKRAN), the Soviet and Russian think tank for the study of the US and Canada.", "locator": "characters 448:663; sha256 acc91fa82927f9378049daa7a178db23125f3a71415a93f211525560e6647609"}, {"claim": "그는 1965년부터 1995년까지 ISKRAN의 창립 소장으로 재직하며 학술 연구를 주도했다.", "source": "https://en.wikipedia.org/wiki/Georgy_Arbatov", "excerpt": "He was founder director of the Institute for US and Canadian Studies (ISKRAN) from 1965 to 1995.", "locator": "characters 1927:2023; sha256 acc91fa82927f9378049daa7a178db23125f3a71415a93f211525560e6647609"}], "relation": "service", "startYear": 1965, "functionId": "scholarship", "affiliationId": "state-soviet", "affiliationStatus": "confirmed"}, {"endYear": 1991, "primary": false, "evidence": [{"claim": "게오르기 아르바토프는 1943–1991년 소련공산당 당원이었다.", "source": "https://ru.wikipedia.org/wiki/%D0%90%D1%80%D0%B1%D0%B0%D1%82%D0%BE%D0%B2,_%D0%93%D0%B5%D0%BE%D1%80%D0%B3%D0%B8%D0%B9_%D0%90%D1%80%D0%BA%D0%B0%D0%B4%D1%8C%D0%B5%D0%B2%D0%B8%D1%87", "excerpt": "Член ВКП(б)-КПСС с 1943 по 1991 год.", "locator": "characters 5202:5238; sha256 71efd60ab1feada6e1459431a380c7dc78e21837e19a4099cd77d6707ce3daa9"}], "relation": "membership", "startYear": 1943, "functionId": "scholarship", "affiliationId": "soviet-party", "affiliationStatus": "confirmed"}]
grace-lee-boggs	[{"endYear": null, "primary": true, "evidence": [{"claim": "그녀는 1992년 다문화 세대 간 청소년 프로그램인 디트로이트 서머를 설립했고, 그녀의 디트로이트 집은 지역사회 리더십을 위한 보그스 센터의 본부로 사용되었다.", "source": "https://en.wikipedia.org/wiki/Grace_Lee_Boggs", "excerpt": "She founded Detroit Summer, a multicultural intergenerational youth program, in 1992, and was the recipient of numerous awards. Additionally, Boggs' home in Detroit also serves as headquarters for the Boggs Center to Nurture Community Leadership.", "locator": "characters 6628:6874; sha256 ffa39c6eb3ec550f0883ce1e80166fafa14cbd22d3737becc6b4905c1c66d89d"}, {"claim": "그녀와 남편 제임스 보그스는 1979년 미국 혁명을 위한 전국 조직(NOAR) 창립에 기여했다.", "source": "https://en.wikipedia.org/wiki/Grace_Lee_Boggs", "excerpt": "In 1979, Grace Lee Boggs and husband James Boggs contributed to the founding of National Organization for an American Revolution (NOAR).", "locator": "characters 5748:5884; sha256 ffa39c6eb3ec550f0883ce1e80166fafa14cbd22d3737becc6b4905c1c66d89d"}, {"claim": "보그스 부부는 1979년 미국혁명전국조직(NOAR) 창립에 참여했다.", "source": "https://en.wikipedia.org/wiki/Grace_Lee_Boggs", "excerpt": "In 1979, Grace Lee Boggs and husband James Boggs contributed to the founding of National Organization for an American Revolution (NOAR).", "locator": "en: Activism"}], "relation": "service", "startYear": 1979, "functionId": "organizing", "affiliationId": "american-noar", "affiliationStatus": "confirmed"}]
stefan-staszewski	[{"endYear": 1957, "primary": true, "evidence": [{"claim": "그는 폴란드 공산당 중앙위원회 서기국에서 활동한 당 지도부 인물이었다.", "source": "https://en.wikipedia.org/wiki/Stefan_Staszewski", "excerpt": "An activist in the communist movement from the age of fourteen, he was in the Secretariat of the Central Committee of the Communist Party of Poland in 1930–1932.", "locator": "characters 193:354; sha256 3d1e695844726b54d7e00160f183f7f6c61453640c12030091b83d0fa25cdd52"}, {"claim": "그는 1955년 폴란드 통일노동자당 바르샤바 위원회 제1서기로 임명되어 당을 지도했다.", "source": "https://en.wikipedia.org/wiki/Stefan_Staszewski", "excerpt": "He was appointed regional first secretary of the Polish United Workers' Party Warsaw committee in September 1955.", "locator": "characters 1048:1161; sha256 3d1e695844726b54d7e00160f183f7f6c61453640c12030091b83d0fa25cdd52"}, {"claim": "스타셰프스키는 1957년 2월 제1서기직을 사임했다.", "source": "https://en.wikipedia.org/wiki/Stefan_Staszewski", "excerpt": "He resigned from the first secretary position in February 1957 and became president of the Polish Press Agency, a post he held until the summer of 1958.", "locator": "en: lead"}], "relation": "service", "startYear": 1955, "functionId": "political-leadership", "affiliationId": "party-polish-pzpr", "affiliationStatus": "confirmed"}, {"endYear": 1948, "primary": false, "evidence": [{"claim": "스테판 스타셰프스키는 1945년 폴란드로 돌아와 폴란드 노동자당에 가입했다.", "source": "https://ru.wikipedia.org/wiki/%D0%A1%D1%82%D0%B0%D1%88%D0%B5%D0%B2%D1%81%D0%BA%D0%B8%D0%B9,_%D0%A1%D1%82%D0%B5%D1%84%D0%B0%D0%BD", "excerpt": "В 1945 Стефан Сташевский снова вернулся в Польшу и примкнул к коммунистической партии ППР.", "locator": "characters 1288:1378; sha256 557fa2275abcddb7cb0866b5e367a6f98d058109dac4d16616e05b6b9ddf79cc"}, {"claim": "스테판 스타셰프스키는 폴란드 노동자당 카토비체 주 조직에서 선전·교육·문화를 맡았다.", "source": "https://en.wikipedia.org/wiki/Stefan_Staszewski", "excerpt": "Staszewski was in charge of propaganda, education and culture in the Katowice Voivodeship organization of the Polish Workers' Party.", "locator": "characters 755:887; sha256 3d1e695844726b54d7e00160f183f7f6c61453640c12030091b83d0fa25cdd52"}], "relation": "membership", "startYear": 1945, "functionId": "political-leadership", "affiliationId": "party-polish-workers", "affiliationStatus": "confirmed"}, {"endYear": 1938, "primary": false, "evidence": [{"claim": "스테판 스타셰프스키는 1930–1932년 폴란드 공산당 중앙위원회 서기국에서 일했다.", "source": "https://en.wikipedia.org/wiki/Stefan_Staszewski", "excerpt": "he was in the Secretariat of the Central Committee of the Communist Party of Poland in 1930–1932.", "locator": "characters 257:354; sha256 3d1e695844726b54d7e00160f183f7f6c61453640c12030091b83d0fa25cdd52"}], "relation": "membership", "startYear": null, "functionId": "political-leadership", "affiliationId": "party-polish-communist", "affiliationStatus": "confirmed"}, {"endYear": 1968, "primary": false, "evidence": [{"claim": "스테판 스타셰프스키는 1955년 폴란드 통일노동당 바르샤바 위원회 제1서기에 임명되었다.", "source": "https://en.wikipedia.org/wiki/Stefan_Staszewski", "excerpt": "He was appointed regional first secretary of the Polish United Workers' Party Warsaw committee in September 1955.", "locator": "characters 1048:1161; sha256 3d1e695844726b54d7e00160f183f7f6c61453640c12030091b83d0fa25cdd52"}, {"claim": "스테판 스타셰프스키는 1968년 반유대주의 캠페인 때 폴란드 통일노동당에서 제명되었다.", "source": "https://ru.wikipedia.org/wiki/%D0%A1%D1%82%D0%B0%D1%88%D0%B5%D0%B2%D1%81%D0%BA%D0%B8%D0%B9,_%D0%A1%D1%82%D0%B5%D1%84%D0%B0%D0%BD", "excerpt": "В ходе антисемитской кампании 1968 Стефан Сташевский был исключён из ПОРП.", "locator": "characters 4000:4074; sha256 557fa2275abcddb7cb0866b5e367a6f98d058109dac4d16616e05b6b9ddf79cc"}], "relation": "membership", "startYear": 1948, "functionId": "political-leadership", "affiliationId": "party-polish-pzpr", "affiliationStatus": "confirmed"}]
vladimir-purishkevich	[{"endYear": 1907, "primary": true, "evidence": [{"claim": "그는 1905년 러시아 혁명 시기 흑백단을 지도하는 데 기여했다.", "source": "https://en.wikipedia.org/wiki/Vladimir_Purishkevich", "excerpt": "He helped lead the paramilitary Black Hundreds during the Russian Revolution of 1905.", "locator": "characters 286:371; sha256 e3da2051edf6955929e211a2eec4febb30dec70e8a72e12fa1c5a7ecc7ff3c15"}, {"claim": "그는 이후 국가두마 의원으로 활동하며 논란을 일삼는 인물로 명성을 얻었다.", "source": "https://en.wikipedia.org/wiki/Vladimir_Purishkevich", "excerpt": "He later served in the State Duma, where he gained a reputation for courting of public controversy.", "locator": "characters 372:471; sha256 e3da2051edf6955929e211a2eec4febb30dec70e8a72e12fa1c5a7ecc7ff3c15"}, {"claim": "푸리슈케비치는 러시아 인민동맹 창립자의 한 사람으로 1907년까지 부의장을 지냈다.", "source": "https://en.wikipedia.org/wiki/Vladimir_Purishkevich", "excerpt": "He became one of the founders of the Union of the Russian People and served as its deputy chairman until 1907, when he split to form the Union of the Archangel Michael.", "locator": "en: Early career"}, {"claim": "러시아 인민동맹은 1905~1917년 흑백당 계열 군주주의 조직 가운데 가장 중요한 정당이었다.", "source": "https://en.wikipedia.org/wiki/Union_of_the_Russian_People", "excerpt": "The Union of the Russian People (URP; Russian: Союз русского народа, romanized: Soyuz russkogo naroda, СРН/SRN) was a royalist far-right nationalist political party, the most important among Black-Hundredist monarchist political organizations in the Russian Empire between 1905 and 1917.", "locator": "en: lead"}], "relation": "service", "startYear": 1905, "functionId": "political-leadership", "affiliationId": "party-russian-union-of-russian-people", "affiliationStatus": "confirmed"}]
walter-rodney	[{"endYear": 1974, "primary": true, "evidence": [{"claim": "월터 로드니는 가이아나 출신의 역사학자이자 학자였다.", "source": "https://en.wikipedia.org/wiki/Walter_Rodney", "excerpt": "Walter Anthony Rodney (23 March 1942 – 13 June 1980) was a Guyanese historian, political activist and academic.", "locator": "characters 0:111; sha256 676d8aafe231b390d713efb1612cb6a32d4498b7d3b01c0b999a7c49859f50ac"}, {"claim": "그의 대표적 학술 저작으로 『How Europe Underdeveloped Africa』(1972)가 있다.", "source": "https://en.wikipedia.org/wiki/Walter_Rodney", "excerpt": "His notable works include How Europe Underdeveloped Africa, first published in 1972.", "locator": "characters 112:196; sha256 676d8aafe231b390d713efb1612cb6a32d4498b7d3b01c0b999a7c49859f50ac"}, {"claim": "로드니는 1966~67년과 1969~1974년 탄자니아 다르에스살람 대학교에서 가르쳤다.", "source": "https://en.wikipedia.org/wiki/Walter_Rodney", "excerpt": "He taught at the University of Dar es Salaam in Tanzania during the periods 1966–67 and 1969–1974 and in 1968 at his alma mater University of the West Indies at Mona, Jamaica.", "locator": "en: Academic career"}], "relation": "employment", "startYear": 1966, "functionId": "scholarship", "affiliationId": "state-tanzania", "affiliationStatus": "confirmed"}]
nikolai-skoblin	[{"endYear": 1937, "primary": true, "evidence": [{"claim": "스코블린은 ROVS 내에서 반정보부(Inner Line)를 이끌며 정보·보안 활동을 수행했다.", "source": "https://en.wikipedia.org/wiki/Nikolai_Skoblin", "excerpt": "Skoblin was meanwhile gaining importance in the ROVS' ranks and in 1935 he headed its counter-intelligence branch, the Inner Line.", "locator": "characters 1680:1810; sha256 9936f2a4fbeb0f7cd056dbe0e7d071b8e9142ba23e0a36f7b8b2c08ce92412af"}, {"claim": "스코블린은 소련 대외정보 부국장의 지휘 아래 ROVS 의장 밀러를 NKVD 아파트로 유인하는 정보 공작에 가담했다.", "source": "https://en.wikipedia.org/wiki/Nikolai_Skoblin", "excerpt": "On 22 September 1937, Skoblin, operating under the direction of deputy chief of Soviet foreign intelligence Sergey Spigelglas, lured the ROVS chairman Yevgeny Miller into an NKVD safe apartment", "locator": "characters 2528:2721; sha256 9936f2a4fbeb0f7cd056dbe0e7d071b8e9142ba23e0a36f7b8b2c08ce92412af"}], "relation": "service", "startYear": 1935, "functionId": "security", "affiliationId": "russian-rovs", "affiliationStatus": "confirmed"}]
nikolai-fedoseev	[{"endYear": null, "primary": true, "evidence": [{"claim": "위키백과 첫 문장이 밝힌 이 인물의 대표 활동.", "source": "https://en.wikipedia.org/wiki/Nikolai_Fedoseev", "excerpt": "Nikolai Yevgrafovich Fedoseyev (Russian: Николай Евгрáфович Федосéев; May 9 1871, [O.S. 27 April] Nolinsk – July 4 [O.S. 22 June] 1898, Verkhoyansk) was a pioneer of Marxism in the Russian Empire.", "locator": "plain-text extract lead sentence; sha256 e3c6f5e20ab1262b4c1271c33f088171df0061af51ec9721cbc58b7ccd20737d"}], "relation": "unresolved", "startYear": null, "functionId": "organizing", "affiliationId": null, "affiliationStatus": "unresolved"}]
pyotr-kropotkin	[{"endYear": null, "primary": true, "evidence": [{"claim": "크로폿킨은 아나키스트 정치철학자이자 지리학자로, 이론 연구가 그의 정의적 활동이었다.", "source": "https://en.wikipedia.org/wiki/Peter_Kropotkin", "excerpt": "Pyotr Alexeyevich Kropotkin (9 December [O.S. 27 November] 1842 – 8 February 1921) was a Russian anarchist political philosopher and geographer known as a proponent of anarchist communism.", "locator": "characters 0:188; sha256 c75f009d31ae20ee6025f125a8159492962ec4a7dc97c4c2a4b318973ad8ca4c"}, {"claim": "그는 아나키즘과 지리학에 관한 다수의 저서와 글을 저술하며 학술·이론 작업을 수행했다.", "source": "https://en.wikipedia.org/wiki/Peter_Kropotkin", "excerpt": "He wrote many books, pamphlets and articles, the most prominent being The Conquest of Bread (1892) and Fields, Factories, and Workshops (1899), with Mutual Aid: A Factor of Evolution (1902) being his principal scientific offering.", "locator": "characters 965:1195; sha256 c75f009d31ae20ee6025f125a8159492962ec4a7dc97c4c2a4b318973ad8ca4c"}], "relation": "unresolved", "startYear": null, "functionId": "scholarship", "affiliationId": null, "affiliationStatus": "unresolved"}]
pasha-angelina	[{"endYear": null, "primary": true, "evidence": [{"claim": "여성 트랙터 작업반을 조직한 농업 노동자로, 주된 활동은 농업이다.", "source": "https://en.wikipedia.org/wiki/Praskovya_Angelina", "excerpt": "In 1933, she organized an all-female tractor team", "locator": "Career, first paragraph"}], "relation": "unresolved", "startYear": null, "functionId": "agriculture", "affiliationId": null, "affiliationStatus": "unresolved"}, {"endYear": 1959, "primary": false, "evidence": [{"claim": "파샤 안겔리나는 1937년부터 전연방공산당(볼셰비키) 당원이었다.", "source": "https://ru.wikipedia.org/wiki/%D0%90%D0%BD%D0%B3%D0%B5%D0%BB%D0%B8%D0%BD%D0%B0,_%D0%9F%D1%80%D0%B0%D1%81%D0%BA%D0%BE%D0%B2%D1%8C%D1%8F_%D0%9D%D0%B8%D0%BA%D0%B8%D1%82%D0%B8%D1%87%D0%BD%D0%B0", "excerpt": "Член ВКП(б) с 1937 года.", "locator": "characters 741:765; sha256 f8d54bc67e752ba87041ec9f017d88d04671f0277e01458a6f5fcee3f39edd2a"}], "relation": "membership", "startYear": 1937, "functionId": "agriculture", "affiliationId": "soviet-party", "affiliationStatus": "confirmed"}]
pyotr-schmidt	[{"endYear": null, "primary": true, "evidence": [{"claim": "표트르 시미트는 1905년 러시아 혁명 기간 중 세바스토폴 봉기의 지도자 중 한 명이었다.", "source": "https://en.wikipedia.org/wiki/Pyotr_Schmidt", "excerpt": "was one of the leaders of the Sevastopol Uprising during the Russian Revolution of 1905", "locator": "characters 122:209; sha256 8a58b52263fd74494a78a859644f9e583828c03741b8041d5e6cbe7055453d78"}], "relation": "unresolved", "startYear": null, "functionId": "organizing", "affiliationId": null, "affiliationStatus": "unresolved"}]
vernon-kellogg	[{"endYear": null, "primary": true, "evidence": [{"claim": "위키백과 첫 문장이 밝힌 이 인물의 대표 활동.", "source": "https://en.wikipedia.org/wiki/Vernon_Lyman_Kellogg", "excerpt": "Vernon Lyman Kellogg (December 1, 1867 – August 8, 1937) was an American entomologist, evolutionary biologist, and science administrator.", "locator": "plain-text extract lead sentence; sha256 8b54f47146efd5fdf9ba5f7237031ae3f43da560fd3f2dd57ea50301ec2ed98a"}], "relation": "unresolved", "startYear": null, "functionId": "science", "affiliationId": null, "affiliationStatus": "unresolved"}]
viktor-alksnis	[{"endYear": null, "primary": true, "evidence": [{"claim": "위키백과 첫 문장이 밝힌 이 인물의 대표 활동.", "source": "https://en.wikipedia.org/wiki/Viktor_Alksnis", "excerpt": "Viktor Imantovich Alksnis (Russian: Виктор Имантович Алкснис, Latvian: Viktors Alksnis; 21 June 1950 – 1 January 2025) was a Russian politician and Soviet Air Force colonel of Latvian descent.", "locator": "plain-text extract lead sentence; sha256 97b3d1f91887c18890e05e1f9a9b74052757b1da3b2e3a4b009e66a3e2122a62"}], "relation": "unresolved", "startYear": null, "functionId": "political-leadership", "affiliationId": null, "affiliationStatus": "unresolved"}, {"endYear": 1991, "primary": false, "evidence": [{"claim": "빅토르 알크스니스는 1974년 4월부터 1991년 11월 금지 때까지 소련 공산당 당원이었다.", "source": "https://ru.wikipedia.org/wiki/Алкснис,_Виктор_Имантович", "excerpt": "Член КПСС с апреля 1974 года вплоть до её запрета российскими властями в ноябре 1991 года.", "locator": "plain-text extract characters 2436:2526; accessed 2026-10-01; sha256 1be822462de18e595cce7c1ecb34596216b909fedaefb75b3283af1333469786"}], "relation": "membership", "startYear": 1974, "functionId": "organizing", "affiliationId": "soviet-party", "affiliationStatus": "confirmed"}]
yakov-etinger	[{"endYear": null, "primary": true, "evidence": [{"claim": "위키백과 첫 문장이 밝힌 이 인물의 대표 활동.", "source": "https://en.wikipedia.org/wiki/Yakov_Gilyarievich_Etinger", "excerpt": "Yakov Gilyarievich Etinger (Russian: Яков Гиляриевич Этингер; 22 December 1887 – 2 March 1951) was a Soviet medical doctor.", "locator": "plain-text extract lead sentence; sha256 2dd69ed972941aceaae515371019ca53eefffbe4de04ed8de97ce9617236ccd1"}], "relation": "unresolved", "startYear": null, "functionId": "science", "affiliationId": null, "affiliationStatus": "unresolved"}]
olga-kameneva	[{"endYear": null, "primary": true, "evidence": [{"claim": "위키백과 첫 문장이 밝힌 이 인물의 대표 활동.", "source": "https://en.wikipedia.org/wiki/Olga_Kameneva", "excerpt": "Olga Davidovna Kameneva (Russian: Ольга Давыдовна Каменева, Ukrainian: Ольга Давидiвна Каменева; 19 November [O.S. 7 November] 1883 – 11 September 1941) (née Bronstein — Бронште́йн) was a Russian Bolshevik revolutionary and a Soviet politician.", "locator": "plain-text extract lead sentence; sha256 0a66ad836d5624deadc67d8172cd301ea9ee39601264f72012d28726afc58389"}], "relation": "unresolved", "startYear": null, "functionId": "political-leadership", "affiliationId": null, "affiliationStatus": "unresolved"}, {"endYear": null, "primary": false, "evidence": [{"claim": "올가 카메네바는 1919년 10월 창설 때부터 소련 공산당 여성부 이사회 위원이었다.", "source": "https://en.wikipedia.org/wiki/Olga_Kameneva", "excerpt": "From the time it was organized in October 1919, Kameneva was a member of the board of directors of the Soviet Communist Party's Women's Section.", "locator": "plain-text extract characters 2031:2175; accessed 2026-10-01; sha256 0a66ad836d5624deadc67d8172cd301ea9ee39601264f72012d28726afc58389"}], "relation": "membership", "startYear": 1919, "functionId": "political-leadership", "affiliationId": "soviet-party", "affiliationStatus": "confirmed"}, {"endYear": null, "primary": false, "evidence": [{"claim": "올가 카메네바는 1902년 러시아 사회민주노동당에 입당했다.", "source": "https://en.wikipedia.org/wiki/Olga_Kameneva", "excerpt": "Olga joined the Russian Social Democratic Labour Party in 1902 [1] and soon married Lev Kamenev, a fellow Marxist revolutionary.", "locator": "characters 860:988; sha256 0a66ad836d5624deadc67d8172cd301ea9ee39601264f72012d28726afc58389"}], "relation": "membership", "startYear": 1902, "functionId": "political-leadership", "affiliationId": "russian-rsdlp", "affiliationStatus": "confirmed"}]
jean-moulin	[{"endYear": 1940, "primary": false, "evidence": [{"claim": "장 물랭은 1937년부터 1940년까지 프랑스의 에이브롱과 외르에루아르 지사로 재직한 프랑스 국가 공무원이었다.", "source": "https://en.wikipedia.org/wiki/Jean_Moulin", "excerpt": "A prefect in the Aveyron (1937–1939) and Eure-et-Loir (1939–1940) departments", "locator": "characters 345:422; sha256 0df4824b9a5a7551c0bb6813c1bc06b6d4b33f0aa8aae518f472d9698e046900"}, {"claim": "그는 프랑스의 공무원이었다.", "source": "https://en.wikipedia.org/wiki/Jean_Moulin", "excerpt": "was a French civil servant and hero of the French Resistance", "locator": "characters 69:129; sha256 0df4824b9a5a7551c0bb6813c1bc06b6d4b33f0aa8aae518f472d9698e046900"}], "relation": "employment", "startYear": 1937, "functionId": "government", "affiliationId": "state-france", "affiliationStatus": "confirmed"}, {"endYear": 1943, "primary": true, "evidence": [{"claim": "대표 경력을 원문과 대조하여 organizing 기능으로 분류함.", "source": "https://en.wikipedia.org/wiki/Jean_Moulin", "excerpt": "Jean Pierre Moulin (French: [ʒɑ̃ mulɛ̃] ; 20 June 1899 – 8 July 1943) was a French civil servant and hero of the French Resistance who succeeded in unifying the main networks of the Resistance in World War II . He served as the first President of the National Council of the Resistance from 27 May 1943 until his death less than two months later.", "locator": "Article text, line 168 in reviewed snapshot; accessed 2026-09-27; sha256 0ed72c25664dc507fbfed2ab2896f08a70d3c847ae1e3c35826f3185ba77f056"}], "relation": "unresolved", "startYear": 1943, "functionId": "organizing", "affiliationId": null, "affiliationStatus": "unresolved"}]
valery-sablin	[{"endYear": null, "primary": true, "evidence": [{"claim": "사블린은 소련 해군 장교이자 스토로제보이의 정치장교로서 소련 국가기관에 복무했다.", "source": "https://en.wikipedia.org/wiki/Valery_Sablin", "excerpt": "Valery Mikhailovich Sablin (Russian: Валерий Михайлович Саблин; 1 January 1939 – 3 August 1976) was a Soviet Navy officer and member of the Communist Party who in November 1975, while serving as the political officer on the anti-submarine frigate Storozhevoy, led a mutiny against the Soviet state.", "locator": "characters 0:298; sha256 7c3ab89899fc3cb7c831828c73f33b79907a25fbbaa18efe14894ff374e056a2"}], "relation": "unresolved", "startYear": null, "functionId": "military", "affiliationId": null, "affiliationStatus": "unresolved"}, {"endYear": 1975, "primary": false, "evidence": [{"claim": "사블린은 소련 해군 장교이자 스토로제보이의 정치장교로서 소련 국가기관에 복무했다.", "source": "https://en.wikipedia.org/wiki/Valery_Sablin", "excerpt": "Valery Mikhailovich Sablin (Russian: Валерий Михайлович Саблин; 1 January 1939 – 3 August 1976) was a Soviet Navy officer and member of the Communist Party who in November 1975, while serving as the political officer on the anti-submarine frigate Storozhevoy, led a mutiny against the Soviet state.", "locator": "characters 0:298; sha256 7c3ab89899fc3cb7c831828c73f33b79907a25fbbaa18efe14894ff374e056a2"}, {"claim": "1973년 8월 9일 사블린은 반잠수함 프리깃 스토로제보이의 정치장교로 임명되었다.", "source": "https://en.wikipedia.org/wiki/Valery_Sablin", "excerpt": "On 9 August 1973, he was assigned as zampolit aboard the anti-submarine frigate Storozhevoy.", "locator": "characters 5736:5828; sha256 7c3ab89899fc3cb7c831828c73f33b79907a25fbbaa18efe14894ff374e056a2"}], "relation": "service", "startYear": 1973, "functionId": "military", "affiliationId": "state-soviet", "affiliationStatus": "confirmed"}, {"endYear": 1976, "primary": false, "evidence": [{"claim": "발레리 사블린은 소련 해군 장교이자 소련공산당 당원이었다.", "source": "https://en.wikipedia.org/wiki/Valery_Sablin", "excerpt": "Valery Mikhailovich Sablin (Russian: Валерий Михайлович Саблин; 1 January 1939 – 3 August 1976) was a Soviet Navy officer and member of the Communist Party who in November 1975, while serving as the political officer on the anti-submarine frigate Storozhevoy, led a mutiny against the Soviet state.", "locator": "characters 0:298; sha256 5187cf550cd78dbe98618aea94d7a76dfc5fac5d6d64a6ab8873a050533d5126"}, {"claim": "발레리 사블린은 동기생 가운데 가장 먼저 소련공산당에 입당한 축이었다.", "source": "https://en.wikipedia.org/wiki/Valery_Sablin", "excerpt": "He excelled as a cadet, was noted for his dedication, became a company commander, and was one of the first in his class to join the Communist Party.", "locator": "characters 2581:2729; sha256 5187cf550cd78dbe98618aea94d7a76dfc5fac5d6d64a6ab8873a050533d5126"}], "relation": "membership", "startYear": null, "functionId": "military", "affiliationId": "soviet-party", "affiliationStatus": "confirmed"}]
yuri-afanasyev	[{"endYear": 1991, "primary": true, "evidence": [{"claim": "아파나시예프는 소련/러시아의 역사학자였다.", "source": "https://en.wikipedia.org/wiki/Yury_Afanasyev", "excerpt": "Yury Nikolayevich Afanasyev (also spelled Yuri Afanasiev; Russian: Юрий Николаевич Афанасьев; 5 September 1934 – 14 September 2015) was a Soviet/Russian historian", "locator": "characters 0:162; sha256 33842906d4d58840e6023a6a3481ef3557b9f4982409cd1fd0b45dfe4573d118"}, {"claim": "그는 모스크바 역사·기록보관 연구소의 총장이었고 이를 1991년 러시아국립인문대학으로 개편하여 2003년까지 이끌었다.", "source": "https://en.wikipedia.org/wiki/Yury_Afanasyev", "excerpt": "He was also the rector of the Moscow State Institute of History and Archives which he transformed in 1991 into the Russian State University of Humanities (RSUH) and led until 2003", "locator": "characters 251:430; sha256 33842906d4d58840e6023a6a3481ef3557b9f4982409cd1fd0b45dfe4573d118"}, {"claim": "아파나시예프는 1986년 모스크바 국립 역사기록대학 총장이 되었다.", "source": "https://en.wikipedia.org/wiki/Yury_Afanasyev", "excerpt": "In 1986, he was appointed rector of the Moscow State Institute of History and Archives.", "locator": "en: Biography"}], "relation": "service", "startYear": 1986, "functionId": "scholarship", "affiliationId": "state-soviet", "affiliationStatus": "confirmed"}, {"endYear": 1990, "primary": false, "evidence": [{"claim": "유리 아파나시예프는 1954년부터 소련공산당 당원이었고 1990년 탈당했다.", "source": "https://ru.wikipedia.org/wiki/%D0%90%D1%84%D0%B0%D0%BD%D0%B0%D1%81%D1%8C%D0%B5%D0%B2,_%D0%AE%D1%80%D0%B8%D0%B9_%D0%9D%D0%B8%D0%BA%D0%BE%D0%BB%D0%B0%D0%B5%D0%B2%D0%B8%D1%87", "excerpt": "В 1990 году вышел из КПСС (был членом с 1954 года).", "locator": "characters 2439:2490; sha256 dd944d7ac8ccab171273ab0124aaa1178ee073f30cd971fc18677e09ebdea7c4"}], "relation": "membership", "startYear": 1954, "functionId": "scholarship", "affiliationId": "soviet-party", "affiliationStatus": "confirmed"}]
zoltan-tildy	[{"endYear": null, "primary": true, "evidence": [{"claim": "틸디는 1929년 독립소농업자당에 합류해 부총재가 되었고, 1945년 당 지도자가 되었다.", "source": "https://en.wikipedia.org/wiki/Zolt%C3%A1n_Tildy", "excerpt": "In 1929, Tildy joined the Independent Smallholders' Party (FKgP) with other noted Hungarian political figures, including Ferenc Nagy. He became executive vice-president of the organization soon afterwards.", "locator": "characters 832:1037; accessed 2026-09-27; sha256 99d35b54f27a229dde254ceade629bba3258977f1060e257e6b1ba186bef22c6"}, {"claim": "틸디는 1929년 독립소농업자당에 합류해 부총재가 되었고, 1945년 당 지도자가 되었다.", "source": "https://en.wikipedia.org/wiki/Zolt%C3%A1n_Tildy", "excerpt": "When the Soviets occupied Hungary and drove out the Germans, Tildy became leader of the FKgP and was appointed Prime Minister of Hungary, serving from 15 November 1945 until 1 February 1946, when he was elected President of Hungary.", "locator": "characters 1479:1711; accessed 2026-09-27; sha256 99d35b54f27a229dde254ceade629bba3258977f1060e257e6b1ba186bef22c6"}], "relation": "unresolved", "startYear": 1929, "functionId": "political-leadership", "affiliationId": null, "affiliationStatus": "unresolved"}, {"endYear": 1948, "primary": false, "evidence": [{"claim": "틸디 졸탄은 1945–46년 헝가리 총리, 1946–48년 대통령을 지낸 헝가리 정치가로, 헝가리 국가기관에서 정부·국가 원수직을 수행했다.", "source": "https://en.wikipedia.org/wiki/Zolt%C3%A1n_Tildy", "excerpt": "Zoltán Tildy (18 November 1889 – 3 August 1961) was a Hungarian politician and statesman who served as prime minister of Hungary from 1945 to 1946 and president from 1946 until 1948", "locator": "characters 0:181; sha256 63a915cb607521ac1a86c34df65dbe990b8b5b90b3168ef3afe7dbef1b9d1bd6"}], "relation": "service", "startYear": 1945, "functionId": "government", "affiliationId": "state-hungary", "affiliationStatus": "confirmed"}, {"endYear": null, "primary": false, "evidence": [{"claim": "틸디는 1921년부터 개혁교회 목사로 활동했다.", "source": "https://en.wikipedia.org/wiki/Zolt%C3%A1n_Tildy", "excerpt": "Tildy served as an active minister of the Reformed Church beginning in 1921, and edited the daily paper of the Reformed church in Hungary, the Keresztény Család (Christian Family), as well as other periodicals.", "locator": "plain-text extract characters 621:831; sha256 99d35b54f27a229dde254ceade629bba3258977f1060e257e6b1ba186bef22c6"}], "relation": "unresolved", "startYear": 1921, "functionId": "religion", "affiliationId": null, "affiliationStatus": "unresolved"}, {"endYear": null, "primary": false, "evidence": [{"claim": "틸디 졸탄은 1929년 너지 페렌츠 등과 함께 독립소농당에 입당했다.", "source": "https://en.wikipedia.org/wiki/Zolt%C3%A1n_Tildy", "excerpt": "In 1929, Tildy joined the Independent Smallholders' Party (FKgP) with other noted Hungarian political figures, including Ferenc Nagy.", "locator": "characters 832:965; sha256 99d35b54f27a229dde254ceade629bba3258977f1060e257e6b1ba186bef22c6"}], "relation": "membership", "startYear": 1929, "functionId": "political-leadership", "affiliationId": "party-hungarian-smallholders", "affiliationStatus": "confirmed"}]
charlotte-corday	[{"endYear": null, "primary": true, "evidence": [{"claim": "코르데는 지롱드파에 동조한 혁명기 정치 활동가였다.", "source": "https://en.wikipedia.org/wiki/Charlotte_Corday", "excerpt": "Corday was an aristocratic sympathiser of the Girondins, a moderate faction of French revolutionaries in opposition to the more extremist Jacobins.", "locator": "characters 237:384; sha256 e1156af0483d35e186dee355915878f52f7d96c81eb609ec2739c517ce2ac858"}, {"claim": "그녀는 마라 암살을 스스로 계획하고 실행한 정치적 행동의 주체였다.", "source": "https://en.wikipedia.org/wiki/Charlotte_Corday", "excerpt": "she decided to assassinate Marat.", "locator": "characters 552:585; sha256 e1156af0483d35e186dee355915878f52f7d96c81eb609ec2739c517ce2ac858"}], "relation": "unresolved", "startYear": null, "functionId": "organizing", "affiliationId": null, "affiliationStatus": "unresolved"}]
vladimir-burtsev	[{"endYear": null, "primary": true, "evidence": [{"claim": "부르체프는 학자이자 여러 러시아어 정기간행물의 출판인·편집자였다.", "source": "https://en.wikipedia.org/wiki/Vladimir_Burtsev", "excerpt": "was a revolutionary activist, scholar, publisher and editor of several Russian language periodicals", "locator": "characters 100:199; sha256 db2133ddbc2cf4cdd9fa1eec687c404738dbef6883d628a5cf1a2d101173ca2c"}, {"claim": "그는 1908년 예브노 아제프를 비롯한 다수의 경찰 밀정을 폭로한 것으로 유명해졌다.", "source": "https://en.wikipedia.org/wiki/Vladimir_Burtsev", "excerpt": "He became famous by exposing a great number of agents provocateurs, notably Yevno Azef in 1908.", "locator": "characters 201:296; sha256 db2133ddbc2cf4cdd9fa1eec687c404738dbef6883d628a5cf1a2d101173ca2c"}], "relation": "unresolved", "startYear": null, "functionId": "scholarship", "affiliationId": null, "affiliationStatus": "unresolved"}]
